Performance.KDTMean;Performance.MAMean;Performance.MVMean;Performance.TBCMean;Performance.DDCMean;Performance.DMSMean;Performance.AEDMean;Performance.ADMSLMean;ExhaustionLevel;Performance.Task
0,84274141;0,449871202;0,359851661;0,372389709;0,296425328;0,231320701;0,176940334;0,315114244;1;1
0,510767753;0,450944913;0,360250018;0,390110101;0,206272291;0,232864586;0,193957326;0,344532;1;1
0,500870523;0,455728568;0,363785455;0,366855411;0,628145672;0,237638086;0,163390567;0,382814567;1;1
0,499834538;0,458924606;0,370768899;0,374614017;0,22517992;0,223180975;0,2014546;0,296236662;1;1
0,503782029;0,473243287;0,385899137;0,376648913;0,255857394;0,24551397;0,232467916;0,36255704;1;1
0,501093279;0,446863457;0,356009895;0,363685276;0,212443347;0,227483389;0,165688192;0,303971476;1;1
0,501243346;0,412373948;0,319093837;0,364729328;0,171900505;0,225864019;0,220468835;0,27830389;1;1
0,537141142;0,439296782;0,353327872;0,385347559;0,183885302;0,23115198;0,157611613;0,303209993;0;1
0,500397723;0,433866311;0,348510498;0,360698361;0,240890395;0,224403472;0,20529876;0,28207243;0;1
0,508071405;0,409369549;0,322744866;0,377053616;0,285515661;0,232935773;0,162099383;0,29618492;0;1
0,499392106;0,412416835;0,31635837;0,361255595;0,262199764;0,22634327;0,161327213;0,289900705;1;1
0,500484423;0,450321585;0,36447082;0,384825194;0,176862411;0,227380961;0,180586996;0,292610118;0;1
0,499897051;0,446606698;0,352918305;0,361196016;0,215197217;0,246706907;0,166980855;0,33863551;1;1
0,511250746;0,461498947;0,383386611;0,36261817;0,374629427;0,225074261;0,172359723;0,284508742;1;1
0,500873826;0,484772619;0,409075279;0,376703907;0,168805721;0,22142228;0,151405275;0,340329954;1;1
0,501422935;0,485217573;0,398384919;0,371447514;0,17242987;0,255823078;0,178034278;0,394023146;0;1
0,501264588;0,413939056;0,319533477;0,363951387;0,234996214;0,220372049;0,19618288;0,261405262;0;1
0,500289999;0,425022015;0,3388215;0,362955436;0,168805721;0,240657726;0,225320499;0,335807263;0;1
0,501443522;0,417923029;0,32612685;0,379601857;0,197618604;0,231866868;0,154563203;0,321801807;0;1
0,500648133;0,418214113;0,328022854;0,369218223;0,24443478;0,24169466;0,165491079;0,346210804;0;1
0,499620178;0,431366202;0,341022433;0,369741486;0,224736066;0,235415789;0,193609784;0,320406785;0;1
0,499745243;0,484011831;0,396660314;0,362305351;0,486401292;0,24237251;0,183716314;0,308953231;0;1
0,50095;0,455712095;0,366343505;0,360771841;0,205912463;0,234257827;0,161807665;0,318163627;0;1
0,5004569;0,425597023;0,336188276;0,368768567;0,223283054;0,224662695;0,16378135;0,297917317;0;1
0,500505824;0,471097432;0,386615145;0,360888824;0,191065984;0,232088966;0,242215435;0,30370141;0;1
0,49975335;0,442440546;0,355553481;0,362875051;0,216333195;0,228503199;0,190491487;0,323221156;0;1
0,500816346;0,441823535;0,35379901;0,360713735;0,248017738;0,23785026;0,228720869;0,311916799;0;1
0,501358039;0,410438344;0,318159384;0,361593518;0,227255514;0,222318342;0,196031813;0,294494955;0;1
0,502858659;0,414020714;0,325514841;0,366717108;0,262711418;0,229639739;0,193166283;0,287094612;0;1
0,498020172;0,385316476;0,292711798;0,369117579;0,252080122;0,224104747;0,162098923;0,279867773;0;1
0,488522295;0,391882633;0,297462849;0,369395621;0,224326834;0,227385125;0,252745577;0,266705912;1;1
0,50370311;0,384545302;0,292589101;0,377022558;0,213635358;0,218060123;0,189585782;0,254275295;1;1
0,502710182;0,373064298;0,268146398;0,365941752;0,168805721;0,228947488;0,459836149;0,260131774;1;1
0,502209973;0,402183671;0,320313949;0,380576471;0,24613216;0,218054684;0,13362847;0,274837684;1;1
0,500565274;0,457369707;0,300558527;0,36406501;0,188743803;0,239567602;0,13780875;0,332684966;1;1
0,499861222;0,424795058;0,290771252;0,371139014;0,240980016;0,246859885;0,233615452;0,355503556;1;1
0,564716066;0,459354042;0,345743323;0,404202672;0,2309515;0,225844287;0,139150181;0,294233408;1;1
0,505662608;0,384206844;0,289580448;0,383796332;0,253769618;0,232746532;0,149874105;0,309981787;0;1
0,501538168;0,389448511;0,294731078;0,360745381;0,229923525;0,237926287;0,195844633;0,308568638;0;1
0,500037219;0,418528742;0,327812142;0,385567101;0,168805721;0,229587563;0,172265648;0,285790179;0;1
0,500251656;0,508380025;0,41580256;0,361735787;0,392828178;0,235569531;0,181910317;0,335237711;0;1
0,500784749;0,451059454;0,360205693;0,371511257;0,245882172;0,224512701;0,225992313;0,289700072;0;1
0,501949012;0,433132249;0,33874466;0,364876874;0,20921406;0,232286381;0,186762978;0,287976417;1;1
0,499747875;0,423769242;0,334014013;0,361710066;0,238084831;0,226366944;0,19431404;0,291030209;0;1
0,513656469;0,393757138;0,300490085;0,393548987;0,238497905;0,228658816;0,199390614;0,283108582;0;1
0,500605732;0,440421317;0,344427877;0,372030829;0,246911842;0,227563686;0,200255169;0,290752987;0;1
0,500130968;0,469716495;0,383291771;0,361261515;0,232735275;0,23483746;0,170736283;0,343482586;0;1
0,513553413;0,475807632;0,391211907;0,374307209;0,225402051;0,239602081;0,221649587;0,334004239;1;1
0,502659434;0,416938524;0,326301219;0,364260417;0,214224326;0,235796737;0,226800067;0,298155788;1;1
0,50978375;0,447206353;0,359424339;0,373385847;0,225356355;0,247630366;0,171421738;0,379661317;1;1
0,509333934;0,4442316;0,352169201;0,370331162;0,210531882;0,239560333;0,229896271;0,291758867;1;1
0,543201731;0,434785947;0,334903753;0,400658474;0,337001613;0,24224039;0,207667583;0,326232279;1;1
0,505020467;0,43788075;0,345772583;0,373843307;0,30065349;0,231935655;0,179683084;0,33279979;1;1
0,500466044;0,456540613;0,36702643;0,373375853;0,224245187;0,236805663;0,177472635;0,339834652;0;1
0,504751435;0,427267376;0,333091385;0,364762854;0,254663634;0,23502228;0,18400988;0,320952038;0;1
0,50303903;0,438318815;0,346286765;0,38417427;0,240688495;0,242734617;0,176797925;0,352136085;1;1
0,500506406;0,393531612;0,302830493;0,37107484;0,168805721;0,217050675;0,179495455;0,251516895;0;1
0,50180241;0,429121765;0,342963884;0,386494135;0,199358501;0,220547418;0,180969199;0,26737719;1;1
0,502497715;0,438562281;0,345401202;0,380377718;0,250845993;0,231167349;0,188142879;0,307558905;1;1
0,499897169;0,440027922;0,350722801;0,365519377;0,245136958;0,226048967;0,194943437;0,307898244;1;1
0,499837975;0,483992117;0,392091791;0,365177205;0,237558549;0,222961514;0,162854826;0,274047491;1;1
0,50490863;0,467809005;0,375017068;0,375608637;0,209610327;0,224144162;0,201356173;0,286764674;0;1
0,526646385;0,404686865;0,312376986;0,391645939;0,272562445;0,230415829;0,204431129;0,298825491;0;1
0,545745676;0,459939474;0,374615676;0,388770982;0,381689843;0,242637039;0,222848813;0,303773974;0;1
0,533499068;0,430822287;0,336364095;0,383455777;0,246854428;0,22565501;0,191997007;0,276601878;0;1
0,500305826;0,434355272;0,338126604;0,373193202;0,204267987;0,224416684;0,163643981;0,294379964;0;1
0,5021556;0,464782202;0,375181802;0,371508574;0,190107487;0,244052835;0,178768317;0,337105753;0;1
0,499080498;0,381077508;0,283030867;0,36196;0,227874492;0,270690746;0,178563165;0,39764309;0;1
0,500878996;0,386595174;0,29308263;0,370066326;0,18729429;0,228021183;0,161595259;0,297896149;0;1
0,500528022;0,44095978;0,345341958;0,373617053;0,269430563;0,263371364;0,181619369;0,379006075;0;1
0,500229022;0,43150181;0,341908574;0,360599477;0,199025225;0,233304118;0,194046868;0,313838894;1;1
0,499561659;0,42363231;0,330338571;0,365748309;0,377405157;0,238011829;0,161731033;0,335587443;1;1
0,501434672;0,4714866;0,376612778;0,370633179;0,231327046;0,246101765;0,216092144;0,332030034;1;1
0,499720488;0,507740143;0,421378041;0,362370752;0,326841664;0,229545401;0,158320911;0,307645156;0;1
0,549488116;0,526013935;0,436018924;0,379395993;0,304455878;0,320009219;0,216735922;0,528871475;0;1
0,50088848;0,456244011;0,364328477;0,364311707;0,215846372;0,258592661;0,183394779;0,469327331;1;1
0,499991495;0,461198942;0,376917984;0,362426109;0,209805834;0,226846892;0,190628535;0,279800352;0;1
0,587992264;0,425896939;0,328643228;0,375778607;0,239922665;0,226007498;0,162343921;0,285905331;0;1
0,499799414;0,429894762;0,337274907;0,366713497;0,332110143;0,228319422;0,177719583;0,290550296;0;1
0,496817166;0,494632978;0,396502289;0,36415127;0,277911536;0,228144071;0,24041528;0,296318561;0;1
0,499579962;0,455728991;0,365560983;0,361584354;0,263691683;0,227495763;0,154375262;0,300953919;0;1
0,54592006;0,50304125;0,406803573;0,386125253;0,202493428;0,225493171;0,174312084;0,303733304;0;1
0,501182778;0,458532868;0,367040358;0,372788211;0,219502104;0,235170813;0,176397977;0,320861616;0;1
0,505010638;0,464029919;0,371492606;0,375109723;0,235420985;0,260477312;0,146963551;0,402864554;0;1
0,499935824;0,488124333;0,392427998;0,361048228;0,23889667;0,254142857;0,1495692;0,421482637;0;1
0,502173318;0,50124107;0,418972282;0,385979742;0,239599246;0,300799097;0,154030482;0,565557867;0;1
0,5011856;0,489873074;0,400002672;0,391134484;0,235849411;0,244542024;0,14669482;0,397130563;1;1
0,488522295;0,447536064;0,352562605;0,419222503;0,168805721;0,247982957;0,175729141;0,360875079;0;1
0,499729541;0,452376783;0,368486512;0,422599259;0,277392858;0,233210349;0,186588581;0,331940987;0;1
0,498851077;0,473151835;0,375942501;0,458574759;0,187195447;0,254314884;0,183860179;0,411175232;0;1
0,500938194;0,441874803;0,349020121;0,403549246;0,173052835;0,22028052;0,153681181;0,28581623;0;1
0,502525941;0,421362184;0,330307974;0,417019001;0,255047836;0,233761989;0,194619909;0,308708614;1;1
0,502021632;0,431516465;0,341298042;0,448434161;0,211137096;0,225277596;0,172832786;0,284612013;0;1
0,498888665;0,427767028;0,33164909;0,441680969;0,245218618;0,226623109;0,177803173;0,300127151;0;1
0,500577292;0,436047787;0,345599627;0,471568815;0,175700657;0,229350615;0,185085557;0,289997718;0;1
0,505479312;0,457546739;0,362276885;0,496509056;0,198372966;0,237318005;0,171141486;0,35515633;0;1
1;0,42460248;0,335196455;0,478077625;0,265431201;0,23041843;0,158115623;0,298543106;1;1
0,501740762;0,449557637;0,360436439;0,411908961;0,203039163;0,230552854;0,171013691;0,298356344;0;1
0,500686511;0,426899095;0,33647617;0,510922111;0,1866052;0,229498192;0,184735684;0,274184851;0;1
0,50258713;0,450796693;0,366660608;0,442436711;0,213830581;0,230237233;0,210930088;0,307842358;1;1
0,488522295;0,40098495;0,312550746;0,453430414;0,203577405;0,222576921;0,163136274;0,281247731;0;1
0,500174517;0,452264793;0,367983175;0,45772232;0,250889914;0,22498533;0,173828206;0,298399543;1;1
0,502419028;0,444870882;0,342665828;0,426236933;0,218280617;0,228382725;0,164077814;0,334467741;1;1
0,499590886;0,404795217;0,287032373;0,475541699;0,263974003;0,232006926;0,205283858;0,2972431;0;1
0,501004946;0,405847579;0,308547646;0,448533122;0,20939185;0,236780075;0,169225799;0,340033032;0;1
0,49887446;0,420971494;0,324553221;0,467905598;0,247515693;0,230757139;0,171077722;0,293908988;0;1
0,50152963;0,396210821;0,299093827;0,509494406;0,208054715;0,224928113;0,209132032;0,297025097;0;1
0,497186723;0,372718673;0,277723936;0,515842573;0,234229792;0,225712812;0,193808613;0,275001962;0;1
0,500052539;0,411147361;0,315699077;0,467107314;0,179156813;0,223946701;0,175861599;0,280167033;1;1
0,500447685;0,525889847;0,42399302;0,449523693;0,244711562;0,242018103;0,172223399;0,353878843;0;1
0,507038068;0,382286551;0,284736877;0,471570991;0,232945798;0,247941823;0,169967299;0,288867256;1;1
0,500560567;0,452424199;0,366566337;0,461331725;0,19992772;0,234867519;0,18643146;0,352339379;0;1
0,501674261;0,41005172;0,315210078;0,51842038;0,18824041;0,242484264;0,220447394;0,3124071;0;1
0,501827553;0,418700784;0,330326931;0,516851605;0,192949307;0,223845851;0,223585998;0,271843303;0;1
0,508094655;0,469090953;0,39364683;0,450097611;0,200233849;0,234921089;0,191799478;0,334350816;0;1
0,502928681;0,416387153;0,32835418;0,460798046;0,242198379;0,229551344;0,204361509;0,286521174;0;1
0,500806113;0,436130988;0,346802552;0,462006311;0,232467756;0,250008343;0,178415509;0,366015691;0;1
0,49931089;0,426290312;0,337555832;0,55821698;0,206421127;0,24857326;0,206398406;0,356306781;0;1
0,502083106;0,405755758;0,315074584;0,458725389;0,226685601;0,217741999;0,240751778;0,252802635;0;1
0,500321672;0,402037264;0,306635849;0,47915282;0,20797953;0,224613529;0,184298392;0,288176584;0;1
0,539001773;0,402051837;0,305487378;0,477721881;0,215260861;0,223723814;0,253548968;0,277509475;0;1
0,500083637;0,445426263;0,316082877;0,413316662;0,222116059;0,234028428;0,188305782;0,328491981;0;1
0,500325939;0,482907465;0,32194815;0,418223507;0,203418498;0,231157273;0,184960127;0,326745969;0;1
0,500282307;0,451362103;0,3396122;0,440086853;0,40927353;0,240975598;0,202065554;0,356925143;0;1
0,500721249;0,528538902;0,281619368;0,444413801;0,214027037;0,252087507;0,192843311;0,387209067;0;1
0,505210552;0,470297749;0,332811151;0,621458901;0,227062771;0,236410609;0,154396222;0,364342728;0;1
0,502039505;0,471411847;0,348374283;0,512960958;0,453811655;0,243336828;0,190519936;0,3749641;0;1
0,500614792;0,491182544;0,373359631;0,465743136;0,190938561;0,228528922;0,184892837;0,319224767;0;1
0,49969956;0,673389552;0,428872333;0,422738703;0,168805721;0,260181493;0,191910487;0,397675105;0;1
0,499517251;0,4916101;0,370411348;0,44177092;0,271612059;0,224948256;0,181824599;0,278453842;0;1
0,513459638;0,586358675;0,384689132;0,676665424;0,168805721;0,254639254;0,17224171;0,369035426;0;1
0,501216552;0,422537605;0,296591792;0,434793069;0,328388277;0,224154403;0,154580893;0,280051039;0;1
0,506517769;0,396822099;0,300535551;0,502894003;0,242236456;0,234976481;0,156481499;0,300052101;0;1
0,498497588;0,423729855;0,325239843;0,429337176;0,174062514;0,242703401;0,163366068;0,363374299;0;1
0,501230814;0,435668837;0,337827773;0,455348502;0,219152577;0,239844915;0,161062975;0,34528867;0;1
0,501995019;0,487747847;0,365370099;0,422482878;0,264239987;0,239274357;0,166896609;0,336416308;0;1
0,500541108;0,451108102;0,31038786;0,468599474;0,219776513;0,227110518;0,181057749;0,294448758;0;1
0,503019792;0,398639508;0,30364999;0,441682069;0,216542407;0,237063915;0,186487057;0,337664307;1;1
0,50083169;0,410283787;0,310777396;0,448787486;0,225877506;0,244554297;0,160829774;0,38715001;1;1
0,500621741;0,449776434;0,361369904;0,487602599;0,196489036;0,231112996;0,178819621;0,308422211;0;1
0,488522295;0,461454337;0,383459915;0,465340383;0,202581394;0,220690292;0,365869574;0,271088536;0;1
0,499218348;0,478104872;0,385167923;0,428880406;0,299806268;0,232674434;0,186790975;0,28778989;0;1
0,50141003;0,412522657;0,316626781;0,423645562;0,202375643;0,2455282;0,175946935;0,350117217;1;1
0,531353783;0,407202511;0,313182692;0,500326925;0,253974374;0,232862844;0,191247594;0,284600734;1;1
0,500713067;0,413458056;0,310957879;0,491851648;0,193421621;0,250555763;0,186536086;0,337283571;1;1
0,501261914;0,417037524;0,320926645;0,498181393;0,187284956;0,251279727;0,204905498;0,355990368;1;1
0,499335671;0,376142538;0,279599026;0,429004764;0,202062846;0,22179215;0,171560911;0,265963948;0;1
0,498800706;0,408450703;0,318184382;0,4280448;0,209177533;0,220246231;0,156682274;0,291454219;0;1
0,500622042;0,387695892;0,290107734;0,549747391;0,251754602;0,2408108;0,17771979;0,326856392;1;1
0,498124952;0,394717314;0,301161707;0,700595471;0,183238514;0,222486765;0,242846984;0,270174145;0;1
0,500249551;0,388505007;0,293029049;0,511732844;0,224776228;0,225674225;0,232770417;0,267480198;0;1
0,499467219;0,426926831;0,332265609;0,51761194;0,230847738;0,228567521;0,208335892;0,290723792;0;1
0,499290904;0,388808363;0,289588461;0,57233289;0,205950865;0,227524153;0,202281857;0,273252347;0;1
0,499785839;0,385480699;0,291984222;0,519632421;0,254449594;0,221688138;0,189254066;0,267507291;0;1
0,501935434;0,368195612;0,265241695;0,527367595;0,195412915;0,221329229;0,18890201;0,269846089;0;1
0,501777035;0,500165739;0,407916305;0,449482292;0,206240456;0,243262721;0,183015007;0,406903585;0;1
0,500120717;0,426082084;0,340678185;0,437820902;0,215887555;0,231500229;0,163221061;0,319796934;0;1
0,500491614;0,480415903;0,339637485;0,497984674;0,18995831;0,229443785;0,174545318;0,299249647;0;1
0,500085041;0,437148716;0,260997761;0,443247354;0,1916662;0,252795959;0,187999296;0,382672321;0;1
0,499431502;0,38887488;0,281618601;0,403845708;0,168805721;0,234014334;0,153060634;0,319970505;0;1
0,501192433;0,387850681;0,295053995;0,473093891;0,250654752;0,235038623;0,169990324;0,310785149;0;1
0,500186957;0,407627709;0,320017892;0,486232546;0,24374182;0,23492431;0,166733139;0,31124736;0;1
0,502506984;0,396810013;0,299354368;0,532916763;0,261383774;0,238002112;0,196419936;0,293592265;0;1
0,501208911;0,429035978;0,339791331;0,467692787;0,241207457;0,237413402;0,204215692;0,309112743;1;1
0,500921029;0,457400098;0,358647836;0,461621661;0,169271514;0,255099068;0,163165284;0,364025738;1;1
0,500623994;0,436667512;0,338937002;0,517280603;0,213079911;0,266585613;0,185108681;0,43901597;1;1
0,501084887;0,544539615;0,450391061;0,40911426;0,202622703;0,246971576;0,231946395;0,344577386;1;1
0,497498415;0,452189627;0,341645016;0,386827099;0,168805721;0,235493099;0,171342101;0,328447821;1;1
0,499974701;0,389404391;0,278023148;0,649239955;0,329040681;0,255854978;0,315490049;0,372255375;1;1
0,496727511;0,429390142;0,332072729;0,408599586;0,169135086;0,262130413;0,140102584;0,445063121;1;1
0,504756235;0,429990699;0,32922953;0,413084851;0,240462513;0,227553113;0,168515202;0,307534801;0;1
0,500171178;0,424371886;0,334592814;0,669726944;0,517904599;0,229818533;0,199341499;0,293336159;0;1
0,499088314;0,461549493;0,351778049;0,43644926;0,259166132;0,230005477;0,187721738;0,316449281;0;1
0,502236036;0,361497562;0,258946457;0,493238056;0,344467911;0,220682315;0,169377651;0,275540088;0;1
0,499653509;0,425850155;0,297361579;0,427925677;0,211445597;0,228955481;0,23921189;0,287331997;0;1
0,50122785;0,418491817;0,290929519;0,429499131;0,235867209;0,240280368;0,167852363;0,331629917;0;1
0,500857592;0,444230734;0,350034755;0,50649414;0,223797931;0,223385099;0,201213338;0,274962879;0;1
0,556440501;0,434056699;0,334522711;0,441444851;0,207202128;0,280819665;0,175885302;0,445516336;0;1
0,500833297;0,411770462;0,297232788;0,444053904;0,29124965;0,233604986;0,179413171;0,309688872;0;1
0,501312712;0,424541559;0,288260905;0,42478354;0,187138106;0,222170842;0,170636518;0,282960001;0;1
0,500752209;0,418054085;0,309327303;0,412395136;0,301415018;0,228088164;0,184231528;0,302796927;1;1
0,500739475;0,442633223;0,326430003;0,460451517;0,260953578;0,232241033;0,155579826;0,324339589;1;1
0,500193012;0,469812241;0,311619825;0,433175505;0,249926365;0,225138037;0,176070402;0,313734264;0;1
0,501544484;0,375290374;0,27731682;0,431072577;0,339450211;0,240771048;0,158617737;0,310450326;1;1
0,500193428;0,395234673;0,297955198;0,459154025;0,208851242;0,234934222;0,172336851;0,315557609;1;1
0,500994456;0,4148173;0,316856102;0,45791829;0,187275166;0,228917791;0,175524246;0,298972627;1;1
0,503715303;0,388052927;0,291265891;0,491116939;0,22837471;0,228232203;0,193098222;0,285990562;1;1
0,502018943;0,379717784;0,281563309;0,421185014;0,193449272;0,218499501;0,203573289;0,259991607;1;1
0,501169783;0,408772474;0,312141693;0,44722216;0,182954197;0,23225727;0,201822647;0,297582994;1;1
0,501333999;0,432656872;0,340586445;0,461258889;0,184773249;0,236913397;0,148326378;0,384250427;0;1
0,50088573;0,41632605;0,324586108;0,429683475;0,168805721;0,223406429;0,175793892;0,290747668;0;1
0,499863921;0,449850636;0,359227322;0,491914054;0,217041084;0,221266583;0,230803926;0,259049329;0;1
0,500796004;0,439838458;0,348548989;0,486485886;0,197328371;0,233324619;0,193555424;0,346083614;0;1
0,500109686;0,430923631;0,346421529;0,494961793;0,210383367;0,250420997;0,197271158;0,35002511;0;1
0,499987432;0,405186642;0,306300537;0,512862868;0,198450724;0,224814638;0,216090134;0,29565199;0;1
0,499985803;0,431401857;0,333208394;0,453863374;0,188784396;0,225509694;0,179808203;0,305263993;0;1
0,501585621;0,454576504;0,342384641;0,399533046;0,231276733;0,232279697;0,174567959;0,304162702;0;3
0,537554317;0,426129264;0,289083449;0,41755089;0,237113082;0,219271724;0,186962505;0,261763138;0;3
0,498741999;0,482432456;0,318820244;0,454231445;0,431795715;0,222414652;0,168862181;0,270259806;0;3
0,503141445;0,463457646;0,291160137;0,414477075;0,23062227;0,222181207;0,14580064;0,270881883;0;3
0,498918245;0,40268533;0,273949594;0,416172449;0,196005605;0,219490078;0,170161828;0,264363846;0;2
0,499645621;0,424807661;0,332607836;0,413959295;0,242102553;0,227128137;0,173734591;0,298623451;0;2
0,501549095;0,418456333;0,317286656;0,389853915;0,339550509;0,230636726;0,180084453;0,313217872;0;2
0,488522295;0,299939593;0,212409916;0,349163607;0,168805721;0,215383618;0,195740946;0,242714802;0;2
0,49980762;0,50960578;0,421932779;0,414793728;0,363025191;0,248653018;0,176214203;0,402940921;0;2
0,49978714;0,451857628;0,343691866;0,431031166;0,200457336;0,250034088;0,184463238;0,398335966;0;2
0,498064705;0,455881638;0,372491485;0,512720808;0,234833191;0,228719913;0,195954975;0,320264929;0;2
0,500720516;0,471091233;0,356980342;0,422577068;0,213916356;0,231870781;0,1907988;0,352639427;0;2
0,510818981;0,445852773;0,295058574;0,395683418;0,235029488;0,221008131;0,189705437;0,273686777;0;2
0,49994396;0,441775852;0,288553479;0,499111821;0,219115485;0,260401211;0,198277729;0,361028574;0;2
0,504964966;0,408563704;0,295259178;0,410999792;0,244477997;0,244135465;0,158217436;0,427102158;0;2
0,504872456;0,414094753;0,331708476;0,415774694;0,457108914;0,232407606;0,172736159;0,314322853;0;1
0,505296943;0,490861548;0,334857454;0,416940961;0,38261062;0,239486923;0,203428563;0,440726632;1;1
0,519366296;0,420608913;0,331095756;0,420888392;0,191008568;0,224276866;0,198159054;0,196772876;1;1
0,501426092;0,381602541;0,330054217;0,41726728;0,208011873;0,234043814;0,189478398;0,318806554;0;1
0,500705563;0,386681855;0,330730762;0,415715381;0,220047028;0,221157217;0,216651353;0,160008937;0;1
0,530041642;0,422724688;0,33182176;0,418541656;0,217361412;0,233028803;0,204528588;0,323669245;0;1
0,50237341;0,427121042;0,332165073;0,416131639;0,187525797;0,234616898;0,2012949;0,325747372;0;1
0,501063002;0,495304101;0,334937486;0,415662483;0,218643075;0,229463137;0,199137546;0,280585047;0;1
0,530832025;0,4598425;0,333641996;0,416745107;0,385668974;0,229312801;0,170417037;0,254122755;0;1
0,502310211;0,464957984;0,333850244;0,416069639;0,246514567;0,224291725;0,213074585;0,210941862;0;1
0,536139562;0,445894865;0,332217308;0,42345177;0,246395876;0,230229267;0,214853319;0,255243105;0;1
0,499823783;0,482157529;0,334824386;0,419383799;0,18364346;0,234222656;0,205251017;0,346293876;0;1
0,499709585;0,426078539;0,331433687;0,41381253;0,256181558;0,239913241;0,166277059;0,327034686;0;1
0,502048979;0,448075697;0,332161918;0,424528381;0,251800926;0,232214334;0,176587736;0,304231174;0;1
0,500237541;0,375629644;0,329922465;0,429185143;0,282352659;0,222900881;0,189634487;0,193621138;0;1
0,50318185;0,454183167;0,333232485;0,419473619;0,256515802;0,240664628;0,164602998;0,381835511;0;1
0,505014385;0,454729275;0,333420755;0,437518314;0,182928894;0,227060896;0,235172741;0,25963843;0;1
0,501736674;0,380559656;0,329966725;0,437510211;0,28440592;0,233140626;0,169018016;0,278527025;1;1
0,501088684;0,350128361;0,328936977;0,436923564;0,251024726;0,22423453;0,220789727;0,197999577;0;1
0,49945523;0,358399341;0,328997708;0,424564603;0,210631828;0,225485781;0,175966567;0,2478815;0;1
0,500603663;0,335749201;0,328494533;0,430103276;0,320750507;0,25964101;0,18704999;0,482410451;0;1
0,501002631;0,354292117;0,329425271;0,42687642;0,223473844;0,230392066;0,184608014;0,335615042;0;1
0,500343348;0,353024518;0,328874068;0,429881923;0,207032152;0,233074761;0,183822211;0,416012262;0;1
0,50014439;0,396758043;0,330465133;0,425766708;0,216645592;0,231923705;0,244131192;0,278823826;0;1
0,499381603;0,405654474;0,330434707;0,423781687;0,410716156;0,226645173;0,185134817;0,355704162;0;1
0,501497651;0,474304846;0,333106275;0,441429176;0,219943684;0,247418162;0,283989738;0,439023165;0;1
0,501179221;0,413504863;0,331800299;0,420374322;0,254624198;0,22692915;0,158488889;0,285167906;0;1
0,501956472;0,487675044;0,33404186;0,418849243;0,318586802;0,237212802;0,158069176;0,479512784;0;1
0,520901495;0,406710728;0,330986704;0,421449632;0,251987016;0,227530316;0,187649503;0,259885875;0;1
0,501161253;0,406960464;0,331055855;0,421859105;0,264994295;0,227409271;0,188661421;0,268232794;0;1
0,508740072;0,480686857;0,333845473;0,420002825;0,286831586;0,234130833;0,168061088;0,484891184;0;1
0,520131382;0,434218211;0,331938405;0,4248032;0,189074232;0,230272926;0,181924157;0,304647758;0;1
0,497281219;0,402410742;0,33111936;0,443128197;0,182643068;0,234419882;0,193470626;0,297391123;0;1
0,500568743;0,443120695;0,332597993;0,420977879;0,185474355;0,230826964;0,171164914;0,333700313;0;1
0,499887505;0,390971229;0,330067875;0,424639772;0,20637478;0,234356697;0,173741429;0,299090377;0;1
0,499742963;0,42148825;0,331883252;0,421564194;0,278025385;0,224448345;0,193538314;0,194025096;0;1
0,499611341;0,436743555;0,332130501;0,423356854;0,185041197;0,22423851;0,169713076;0,188506599;0;2
0,499600925;0,4374815;0,332220991;0,422583987;0,194808855;0,227545485;0,187681023;0,246072763;0;2
0,499560092;0,486377238;0,334243157;0,423597119;0,237349896;0,229634467;0,191618258;0,269539723;0;2
0,499740939;0,465662316;0,333133275;0,425485387;0,182643068;0,231635241;0,206582661;0,262796234;0;2
0,499493478;0,423160038;0,33216585;0,434470543;0,215626122;0,232791973;0,184054933;0,207736966;0;2
0,500579902;0,435091628;0,332570818;0,417332831;0,189762202;0,221931418;0,171877027;0,175350949;0;2
0,505308665;0,373890768;0,330233431;0,441700657;0,201595521;0,227706228;0,478343991;0,181700245;0;2
0,499657976;0,474931155;0,33407711;0,428844251;0,182643068;0,231323506;0,213966114;0,303971476;0;2
0,499825358;0,469096313;0,333512429;0,419712828;0,186249946;0,227020719;0,16456889;0,251495395;0;2
0,499737796;0,596938027;0,339167702;0,425351568;0,200131224;0,225557359;0,152123737;0,257821687;0;2
0,499898887;0,454898588;0,332711064;0,428418571;0,182928894;0,228029694;0,16415228;0,259123688;0;2
0,499875219;0,412433225;0,331582043;0,424933449;0,241065958;0,22253383;0,19624985;0,199759543;0;2
0,499718355;0,441630485;0,332973594;0,42962681;0,183214721;0,236295606;0,165433512;0,430422267;0;2
0,500329764;0,450934066;0,333150547;0,419531179;0,271709873;0,223552635;0,172670816;0,186991166;0;2
0,50016722;0,399159465;0,331182727;0,439119005;0,211472939;0,225557121;0,367552578;0,198025137;0;2
0,500699322;0,41074964;0,331236384;0,427712643;0,252644755;0,231683954;0,190500895;0,261826241;0;2
0,501090541;0,383344479;0,330561665;0,429585761;0,240853672;0,232566171;0,204779946;0,175018284;0;2
0,508838522;0,384222127;0,330575261;0,421877831;0,216168841;0,223324364;0,168829965;0,187946572;0;2
0,51020512;0,410138599;0,331523231;0,420864382;0,186072986;0,231778596;0,211050221;0,329711252;0;2
0,499873046;0,392386382;0,330871569;0,418594435;0,21178884;0,223227721;0,167419931;0,188390218;0;2
0,48920428;0,456731601;0,333207398;0,418837704;0,182928894;0,225957911;0,193171217;0,257141212;0;2
0,48920428;0,419625267;0,33146806;0,431467823;0,222039939;0,245587858;0,191840493;0,428105308;0;2
0,48920428;0,421302022;0,331447598;0,41812037;0,472790992;0,230952026;0,181784939;0,275702473;0;2
0,48920428;0,413812209;0,3316888;0,41789464;0,182928894;0,234729896;0,190496027;0,242193082;0;2
0,48920428;0,54176889;0,337164956;0,42086146;0,225402437;0,240245376;0,176000655;0,38883651;0;2
0,48920428;0,377134079;0,330045394;0,424505607;0,225460203;0,229076853;0,216608653;0,278860785;0;2
0,500021609;0,370736704;0,329776291;0,450479718;0,183303046;0,243541152;0,193488604;0,405299626;0;2
0,501825581;0,414579965;0,331455839;0,422019241;0,300014432;0,241849034;0,21250048;0,400242618;0;2
0,498859604;0,423624874;0,331523105;0,42922594;0,222169093;0,245229618;0,173081609;0,393034848;0;2
0,501390694;0,376805354;0,330427895;0,46737406;0,184937569;0,23711921;0,22546636;0,360387815;0;2
0,48920428;0,575421876;0,347531585;0,413367425;0,199530058;0,220469057;0,068995946;0,141234687;0;3
0,500274025;0,406574527;0,331000584;0,424382623;0,230194241;0,225215889;0,170393558;0,25003163;0;2
0,532152577;0,399021369;0,331224291;0,42016953;0,240438314;0,223139031;0,176344029;0,177917174;0;2
0,502462421;0,429121765;0,331808419;0,423122958;0,204713517;0,234077198;0,18059809;0,374005463;0;2
0,500420057;0,491259536;0,334665746;0,427811842;0,213617741;0,224303576;0,209816827;0,199906924;0;2
0,50033777;0,369404347;0,329931477;0,420576789;0,184221934;0,229318139;0,174422219;0,263366708;0;2
0,500542909;0,634531736;0,341333106;0,479201906;0,347957774;0,229227741;0,192552285;0,214306611;0;2
0,48920428;0,433632644;0,332225441;0,430653847;0,287443826;0,232038568;0,21811159;0,325176594;0;2
0,48920428;0,426868306;0,331906644;0,427742632;0,241315957;0,250349913;0,193103053;0,539951112;0;2
0,48920428;0,521914762;0,337047922;0,420824989;0,183786374;0,227900623;0,156054509;0,46020361;0;2
0,48920428;0,393051612;0,330376762;0,42003398;0,186457099;0,230482373;0,180092899;0,319991945;0;2
0,48920428;0,480475547;0,334135523;0,418828402;0,201203303;0,229143475;0,28919443;0,274494857;0;2
0,48920428;0,48648388;0,334432596;0,421080672;0,206306122;0,235872107;0,177617076;0,369902426;0;2
0,48920428;0,404580531;0,330958945;0,427766248;0,289766309;0,229021669;0,182926885;0,367199991;0;2
0,48920428;0,429573582;0,332222218;0,421771441;0,320572378;0,227437607;0,178052886;0,251842509;0;2
0,506842109;0,569093825;0,338410124;0,433878369;0,182643068;0,225284781;1;0,166277048;0;2
0,500584698;0,473889133;0,334251571;0,424748939;0,203621767;0,2334177;0,184873177;0,392393063;0;2
0,513244302;0,381644939;0,330284146;0,416440644;0,212982242;0,222215517;0,148935616;0,198143453;0;2
0,48920428;0,785279592;0,349667998;0,413367425;0,182643068;0,22916692;0,154383846;0,431689766;0;2
0,500361724;0,313775791;0,327202335;0,42612772;0,26476627;0,220719713;0,222407141;0,155067852;0;2
0,499672571;0,481029298;0,334648271;0,428916064;0,284658131;0,235923523;0,22411907;0,336711577;0;2
0,500118858;0,472544065;0,33491585;0,418415118;0,192471906;0,232976446;0,157944436;0,318399786;0;2
0,500071585;0,431433126;0,332297681;0,418903402;0,292545718;0,223417566;0,155275448;0,235661761;1;2
0,500071896;0,400234449;0,33169516;0,41902248;0,19071862;0,222774855;0,200819141;0,21992217;0;2
0,499709664;0,395398529;0,330969464;0,422432698;0,200530672;0,223985354;0,193248029;0,19256518;0;2
0,502019137;0,506558042;0,335416293;0,42036972;0,194090587;0,230926046;0,159271732;0,328130843;1;2
0,500205093;0,37984964;0,329896168;0,424443435;0,257124469;0,233558016;0,189660311;0,322006837;1;2
0,500246767;0,491691883;0,334829671;0,417515326;0,244374216;0,226889908;0,165441156;0,272956244;1;2
0,499872709;0,405713253;0,330790436;0,42188783;0,196286132;0,229125081;0,206649124;0,27864027;1;2
0,499386731;0,345607619;0,328797958;0,558005882;0,33155569;0,373644713;0,278896308;0,516892038;0;3
0,499511934;0,468430579;0,333243405;0,420915487;0,39501439;0,225237813;0,232710523;0,190275551;0;3
0,500087869;0,427508258;0,33188245;0,426016955;0,182643068;0,245258216;0,221375449;0,367291601;0;2
0,498996137;0,44690281;0,332881624;0,419715631;0,183809565;0,232710664;0,182182938;0,352072815;0;2
0,499510257;0,364515936;0,329587924;0,422650722;0,236178446;0,232818795;0,216457566;0,239492959;0;2
0,508278664;0,399878152;0,331202444;0,420745941;0,222607286;0,222553668;0,185229798;0,184017884;0;2
0,540118487;0,386390274;0,33088651;0,43485184;0,258723781;0,221839102;0,26505663;0,15824514;0;2
0,526773573;0,368695382;0,329826874;0,430648946;0,251678804;0,22557967;0,296392148;0,171009329;0;2
0,499573547;0,337522501;0,328913264;0,510052837;0,183450568;0,220525791;0,332444411;0,141638504;0;2
0,777901664;0,401070348;0,33153571;0,421779198;0,51066159;0,223065507;0,192057357;0,177133091;0;2
0,499407699;0,193953377;0,323566924;0,413367425;0,182643068;0,220469057;0,105206639;0,141234687;0;2
0,499658466;0,411977381;0,331352502;0,430427927;0,24691458;0,233713279;0,210527006;0,360939036;0;2
0,499468368;0,367890306;0,330199768;0,420388756;0,229349771;0,233648829;0,242334589;0,306689846;0;2
0,499355713;0,442955442;0,332794341;0,423152985;0,330702439;0,229591387;0,171879007;0,294546285;0;2
0,500459966;0,420762792;0,331974828;0,423047123;0,293796075;0,224818;0,185590862;0,231410521;0;2
0,500752624;0,488145831;0,335003651;0,426726816;0,418043471;0,252675869;0,173597491;0,481161584;0;2
0,503146712;0,388597179;0,330774056;0,418496296;0,291248091;0,222630202;0,174887761;0,18861333;0;2
0,500681192;0,380349815;0,33001867;0,430227251;0,300610004;0,223426143;0,260457394;0,191518672;0;2
0,500850198;0,341765701;0,329082446;0,452340523;0,276551212;0,231491979;0,310074303;0,201688293;0;2
0,500913545;0,368838234;0,32969762;0,464071224;0,274455293;0,22890307;0,37217458;0,234698765;0;2
0,499757575;0,375446676;0,329787124;0,42605283;0,24378302;0,221422547;0,170724948;0,17201778;0;2
0,500331548;0,38294711;0,330288068;0,427847423;0,237750967;0,22587483;0,183470524;0,210836535;0;2
0,500468219;0,365634617;0,329885853;0,434248076;0,246301049;0,225562607;0,183698471;0,206546337;0;2
0,501148631;0,446158373;0,332242065;0,425044022;0,205819581;0,237762802;0,16685697;0,453790689;0;2
0,500180707;0,398942387;0,330953349;0,421174466;0,337118356;0,231163886;0,163934361;0,353550165;0;2
0,501416238;0,439532495;0,332017146;0,424204524;0,256267917;0,231064236;0,299291325;0,247599203;0;2
0,500727822;0,436374;0,332401738;0,429353041;0,211996263;0,229971541;0,247898552;0,261382702;0;2
0,500545623;0,395102684;0,330413711;0,422392382;0,308091463;0,247391503;0,162658698;0,5568607;0;2
0,500682484;0,439397807;0,331176857;0,417785336;0,182643068;0,223234525;0,158309769;0,190642711;0;3
0,499679572;0,617585225;0,338189337;0,460757246;0,182643068;0,246350255;0,211544876;0,498253043;0;3
0,629563588;0,729581358;0,772512504;0,50940052;0,356262744;0,192054842;0,196652847;0,209296641;0;1
0,691899022;0,346828143;0,219958532;0,525107937;0,22826511;0,119478652;0,120787584;0,257103135;1;1
0,585493599;0,369390825;0,2300923;0,469438169;0,35570521;0,465290931;0,178988145;0,331537637;0;1
0,574240813;0,25830834;0,090768917;0,460262493;0,310910117;0,188776015;0,240828363;0,298424544;0;1
0,625335882;0,408986674;0,299983682;0,580880832;0,157881071;0,065593672;0,181723202;0,116526924;0;1
0,638882979;0,283743275;0,139271972;0,531710614;0,203951713;0,452455454;0,212819923;0,504274169;1;1
0,490689377;0,249637476;0,10116895;0,456712398;0,205061876;0,212857079;0,272019798;0,303775418;1;1
0,768004213;0,588113401;0,55783446;0,488578773;0,193677505;0,330313425;0,167109127;0,366439969;1;1
0,994049275;0,469624087;0,368078478;0,504918454;0,175579509;0,145409499;0,310388013;0,149720534;1;1
0,523744573;0,600623363;0,547630445;0,472817204;0,194620804;0,14096153;0,147621686;0,171398781;1;1
0,581822189;0,378685317;0,284995212;0,62686969;0,166055582;0,346477585;0,192799724;0,228709485;0;1
0,506112534;0,39091139;0,318784171;0,560730904;0,235445341;0,046666907;0,121756734;0,033465799;1;1
0,50726304;0,448938428;0,333307857;0,546309345;0,301665484;0,257040787;0,123792244;0,162857302;1;3
0,505706646;0,182156473;0,021534495;0,414799884;0,169118368;0,226743378;0,153740475;0,221960728;1;1
0,491773615;0,424196761;0,322701651;0,430289812;0,24760671;0,229959157;0,17718787;0,350884207;1;1
0,506191235;0,519997298;0,465151602;0,415309172;0,406878314;0,231258128;0,276772191;0,412424886;0;1
0,51689868;0,454085474;0,391340013;0,425309255;0,313874411;0,246439332;0,18495641;0,744392351;0;1
0,520253431;0,42137892;0,313868064;0,417412403;0,348473905;0,229484792;0,179514001;0,272017318;1;1
0,674747304;0,228357989;0,048398628;0,514213306;0,171437122;0,229908204;0,227526526;0,234667606;1;1
0,440631182;0,277091638;0,110888895;0,445855418;0,169118368;0,228258776;0,248123931;0,227570939;1;1
0,50145043;0,457851948;0,385650461;0,445392758;0,169118368;0,233850521;0,238575618;0,299928172;1;1
0,505228244;0,395380501;0,273128857;0,422268625;0,232831986;0,229786647;0,180488159;0,275055783;0;1
0,504133846;0,505958572;0,479874951;0,452763905;0,309006589;0,230042303;0,191076081;0,337907865;0;1
0,500419398;0,525470147;0,485196292;0,425034024;0,440989349;0,232302263;0,185589704;0,287134882;0;1
0,508630008;0,37254147;0,253424593;0,420702717;0,347596423;0,240437761;0,187376582;0,321423991;0;1
0,649731561;0,301863147;0,147463849;0,427123306;0,253711412;0,228675489;0,233933725;0,245167238;0;1
0,50147637;0,345057422;0,229363248;0,430344515;0,471519172;0,231229161;0,274467592;0,271148562;0;1
0,506770643;0,299380941;0,130496234;0,431640884;0,227673984;0,228504914;0,17680593;0,24799136;0;1
0,503776933;0,460425552;0,389325999;0,527395065;0,392082769;0,24171314;0,206238527;0,335605615;0;1
0,504781455;0,384167498;0,256688905;0,42306377;0,220784817;0,22860764;0,180171514;0,256084068;0;1
0,559455219;0,433321364;0,34546632;0,417653731;0,169118368;0,227699616;0,177486982;0,265573242;0;1
0,496223343;0,403592005;0,262573765;0,429505837;0,598851803;0,23828741;0,191805614;0,437222096;1;1
0,88577236;0,430203946;0,333783481;0,423233613;0,195516059;0,233308387;0,189895945;0,333210029;1;1
0,693708852;0,492630794;0,431714978;0,420555165;0,169797516;0,245520457;0,182523551;0,714072999;1;1
0,622074828;0,505072346;0,463589813;0,438062854;0,169118368;0,231933298;0,19308937;0,30567395;0;1
0,552387453;0,425926736;0,316618675;0,423586435;0,169118368;0,240844877;0,18437953;0,366445879;0;1
0,51088307;0,621592579;0,598715165;0,416882207;0,252501197;0,273568872;0,178801376;0,754526446;0;1
0,697015901;0,417164401;0,319935851;0,415693486;0,169118368;0,229961887;0,173806156;0,277138416;0;1
0,501591291;0,457352679;0,343463654;0,418657554;0,169118368;0,23336302;0,17728619;0,329079608;0;1
0,502473292;0,543027608;0,522155666;0,436367617;0,169457942;0,23926222;0,184453836;0,363671537;1;1
0,501561695;0,336194672;0,177871819;0,443723907;0,27654558;0,243371234;0,17749447;0,445660291;0;1
0,501324711;0,43224318;0,326493427;0,415572913;0,276987174;0,233839627;0,176920626;0,367622439;0;1
0,502722677;0,309803386;0,154424514;0,416882267;0,169457942;0,230685441;0,177609703;0,276769106;0;1
0,504005437;0,543213669;0,495032913;0,426519529;0,195567209;0,230755629;0,189793897;0,279021407;1;1
0,490111216;0,488975238;0,378275411;0,420332418;0,200185109;0,228121311;0,180618507;0,285227587;0;1
0,506469682;0,538704806;0,487578218;0,421318402;0,169797516;0,23316946;0,189116862;0,367450263;0;1
0,50252421;0,455147374;0,367467193;0,442875891;0,388785511;0,231838099;0,196720186;0,310877176;0;1
0,496889078;0,430321131;0,336623334;0,419359286;0,327699077;0,237773386;0,187243202;0,373412356;0;1
0,509177091;0,426640943;0,340942528;0,421831417;0,306777951;0,227518037;0,175015779;0,285251082;0;1
0,50200908;0,480314565;0,40335513;0,43869083;0,474567795;0,230606092;0,211660461;0,320333818;0;1
0,516558958;0,42059278;0,314245576;0,44894634;0,169118368;0,231325126;0,239837794;0,264034697;0;1
0,511763193;0,350831537;0,201925371;0,511110977;0,291194815;0,232293563;0,273701018;0,262691028;0;1
0,440631182;0,403195444;0,307734295;0,416691414;0,205102865;0,237878779;0,184567561;0,337608009;0;1
0,499403018;0,388068797;0,262966971;0,42115083;0,188810389;0,229515274;0,187608487;0,29084074;0;1
0,50189181;0,429085137;0,343750335;0,428271426;0,349576387;0,229447046;0,179745562;0,280306034;0;1
0,440631182;0,34688256;0,213526104;0,429536114;0,169118368;0,227993225;0,175733251;0,250357472;0;1
0,549891823;0,528112455;0,46746373;0,418795636;0,402201366;0,23282931;0,176856944;0,33191729;0;1
0,500852626;0,407949701;0,31492625;0,420353641;0,193941248;0,229194013;0,174718143;0,299850707;0;1
0,507133275;0,347820954;0,167323933;0,417009504;0,198220453;0,228840564;0,177679224;0,275908244;0;1
0,499980659;0,440354723;0,354307235;0,422892694;0,207589492;0,235253277;0,178516756;0,356707867;0;1
0,440631182;0,415937758;0,315149121;0,426975089;0,250815852;0,227952786;0,475580026;0,24514236;0;1
1;0,377372896;0,250597963;0,418861808;0,364524953;0,229766426;0,185240421;0,295494729;0;1
0,504758658;0,19263964;0,014665286;0,416380478;0,169118368;0,226975517;0,175572611;0,227952873;0;2
0,50319738;0,342404701;0,276246314;0,420003037;0,179631707;0,522772583;0,16919707;0,577163539;0;1
0,549282184;0,393713818;0,314328832;0,418308424;0,249305071;0,541530032;0,170994561;0,731329568;0;1
0,545067669;0,33134331;0,288283888;0,442403192;0,177257635;0,37548779;0,22309164;0,541780371;0;1
0,543879685;0,502429505;0,417111653;0,428569301;0,178381421;0,338448956;0,167157477;0,533051561;0;1
0,59316799;0,593640518;0,541226343;0,428876693;0,630696806;0,372419808;0,179740559;0,557753464;0;1
0,502881892;0,33504677;0,268635327;0,421255237;0,302004858;0,202484545;0,179827965;0,181938003;0;1
0,496867578;0,493093025;0,435537474;0,417182149;0,30200819;0,306124861;0,179140777;0,502016923;0;1
0,499028988;0,401405551;0,31814507;0,415177268;1;0,204854641;0,173370276;0,180556951;0;1
0,494280082;0,531442193;0,462724691;0,416176385;0,665615647;0,26620254;0,172679703;0,342821131;0;1
0,440397376;0,307219692;0,257097653;0,436137709;0,177257635;0,313781495;0,196472898;0,212351861;0;1
0,438578551;0,357455403;0,277109495;0,425724344;0,233116093;0,197461675;0,182044909;0,292858695;0;1
0,727027261;0,433949894;0,3767877;0,418834759;0,654539421;0,168320358;0,204265221;0,117627625;0;1
0,597127702;0,504212996;0,458231812;0,420322312;0,177257635;0,476543794;0,184419804;0,58223707;0;1
0,571346185;0;0;0,408920318;0,177257635;0,141658997;0,130046076;0,014258823;0;1
0,525055437;0,314672199;0,254991584;0,419526918;0,387800645;0,152445189;0,176246303;0,078138083;0;1
0,511077327;0,435067489;0,376789548;0,430883758;0,657576632;0,268139826;0,20141785;0,360031209;0;1
0,577777647;0,433271145;0,364468007;0,418841589;0,391927746;0,42282832;0,180145263;0,521351343;0;1
0,498682665;0,556722079;0,496491621;0,416486303;0,219115485;0,254759125;0,174318301;0,387583183;0;1
0,503403358;0,456041172;0,409384077;0,426856908;0,193731686;0,277461802;0,194914963;0,355058622;0;1
0,755885978;0,650241896;0,585560965;0,818576062;0,177257635;0,327859956;0,164371177;0,710050122;0;1
0,514088268;0,427120769;0,381138584;0,419517299;0,319216985;0,261851427;0,182750846;0,30053111;0;1
0,511259879;0,387760839;0,329096808;0,41847141;0,577149179;0,18949497;0,185010627;0,163596276;0;1
0,504881836;0,438555564;0,378613508;0,419255968;0,644811703;0,240432583;0,190601167;0,228326193;0;1
0,500497356;0,329071098;0,268110456;0,416069266;0,56529569;0,217729393;0,173871733;0,242185034;0;2
0,49928292;0,332119324;0,232611335;0,426435668;0,350072181;0,307211998;0,188209853;0,34472134;0;2
0,517849995;0,350167012;0,252376014;0,419283697;0,370259403;0,223111693;0,173782332;0,271188648;0;2
0,602677032;0,484782765;0,339086921;0,418492035;0,17818861;0,546262693;0,173064419;0,827993235;0;2
0,499100981;0,31636631;0,221279095;0,43377301;0,81057766;0,22939398;0,198069815;0,236335514;0;2
0,438578551;0,749589592;0,547162311;0,408920318;0,177257635;1;0,203017756;1;0;2
0,499488997;0,560088156;0,462918432;0,419151738;0,316734076;0,348575;0,171963498;0,549735991;0;2
0,492710263;0,457561343;0,322550018;0,416681578;0,177257635;0,214144361;0,16839897;0,403114103;0;2
0,523838277;0,442921035;0,35166006;0,414868024;0,21436078;0,215594699;0,18284094;0,289702412;0;1
0,453333543;0,472744452;0,36000705;0,408756737;0,21436078;0,227568351;0,18249702;0,29053705;1;1
0,514734782;0,407711002;0,311358355;0,426982019;0,226107699;0,214176813;0,182999365;0,277793521;1;1
0,509343392;0,431181687;0,332429426;0,415828673;0,237854619;0,25085664;0,182540343;0,325401437;1;1
0,506720874;0,40312418;0,302040417;0,411281289;0,544340736;0,211092644;0,182865685;0,286629535;0;3
0,494486151;0,446354795;0,320791314;0,418515667;0,21436078;0,236969729;0,182525928;0,319371574;0;3
0,50054924;0,362380771;0,264816933;0,490133006;0,627595742;0,250099228;0,182686205;0,30583716;0;3
0,503270187;0,323454744;0,239905677;0,46195028;0,268103511;0,191319292;0,182740215;0,24247877;0;3
0,453333543;0,37408493;0,278535257;0,42953401;0,396122174;0,20923182;0,182787815;0,263434852;0;3
0,501909851;0,410771114;0,319361402;0,414127531;0,21436078;0,231275972;0,183240614;0,30525;0;3
0,501841044;0,347594172;0,265527274;0,408875931;0,612734996;0,220898528;0,182439356;0,290242595;0;3
0,49832568;0,330024269;0,249503178;0,411671227;0,551118673;0,205788196;0,182500387;0,270560155;0;3
0,500110653;0,417846539;0,30324292;0,410426077;0,523257756;0,21567704;0,182542891;0,292092916;0;3
0,494969122;0,307566505;0,240332533;0,410945138;0,21436078;0,192068554;0,18238542;0,254509686;0;3
0,831982535;0,468772866;0,341350894;0,409421084;0,896753383;0,205513683;0,182385952;0,301854289;0;3
0,514080396;0,390949406;0,294774452;0,414067032;0,21436078;0,198200228;0,182747326;0,260352976;0;3
0,453333543;0,531442501;0,393476264;0,41525493;0,226325951;0,215599819;0,187051496;0,287718461;0;3
0,505538696;0,377837377;0,291138733;0,424276152;0,286360881;0,209127032;0,183807965;0,277170905;0;3
0,453333543;0,676877591;0,558955308;0,398856653;0,21436078;0,215435571;0,186112578;0,250021712;0;3
0,511022678;0,397207895;0,29457226;0,442966725;0,27784185;0,217981149;0,182654969;0,29016711;0;3
0,515488314;0,385611125;0,287611531;0,416470617;0,431561727;0,20782637;0,182724151;0,280876871;0;3
0,523068078;0,35909436;0,284256692;0,41999895;0,231142094;0,210767804;0,183403871;0,280954823;0;3
0,496774004;0,480131899;0,377447677;0,42244685;0,413444671;0,224095443;0,182950632;0,295014444;0;3
0,502924229;0,408994545;0,315911334;0,419638473;0,321220764;0,210021205;0,182816041;0,271409114;0;3
0,505775805;0,382474833;0,285871699;0,417241472;0,21436078;0,200100842;0,182799501;0,266478544;0;3
0,501272722;0,514030641;0,417189579;0,420608443;0,232928456;0,221253224;0,18314899;0,293841061;0;3
0,453333543;0,513681957;0,426856354;0,405782433;0,21436078;0,186983581;0,196561359;0,243512423;0;3
0,502121203;0,3973899;0,312911611;0,411829902;0,21436078;0,203679846;0,182427286;0,27570731;0;2
0,453333543;0,437085509;0,339076644;0,412880264;0,21436078;0,219274961;0,183318647;0,282417467;0;3
0,508425888;0,37938615;0,280588983;0,42788148;0,226786167;0,219398487;0,183455416;0,288791683;0;3
0,453333543;0,385844563;0,290659408;0,417359806;0,397345739;0,228734528;0,182974035;0,28779198;0;3
0,453333543;0,397259093;0,298275451;0,410570593;0,56140979;0,199188669;0,182437973;0,253220025;0;3
0,515473901;0,432386705;0,333875558;0,40934772;0,503521678;0,201587052;0,182711162;0,275145472;0;2
0,496287895;0,210441629;0,155277336;0,398856653;0,21436078;0,18644085;0,181325867;0,24098437;0;3
0,497083346;0,210441629;0,155277336;0,398856653;0,21436078;0,18644085;0,181325867;0,24098437;0;2
0,487272785;0,673192235;0,566345338;0,398856653;0,21436078;0,18644085;0,181325867;0,24098437;0;3
0,48585865;0,570680015;0,356012618;0,541453173;0,21436078;0,186443161;1;0,240985989;0;3
0,523281046;0,442427315;0,365471967;0,429259899;0,411315429;0,474617971;0,261741701;0,587964935;0;2
0,556603546;0,441811617;0,367754948;0,424611524;0,210923401;0,280882572;0,213725998;0,35517742;0;2
0,512083972;0,446335504;0,379137257;0,40453685;0,230514613;0,270118653;0,104389021;0,415258666;0;2
0,511485239;0,429269183;0,348711372;0,417862394;0,228110188;0,276007702;0,145340528;0,427887691;0;2
0,515549835;0,439522422;0,364251427;0,40373367;0,226708226;0,279731659;0,118624785;0,43628861;0;2
0,511862124;0,447057082;0,374815053;0,405914053;0,251168876;0,288026872;0,090109039;0,448219643;0;2
0,506763272;0,41706673;0,320744063;0,410623707;0,21430276;0,263886411;0,22101342;0,192109334;0;2
0,501348398;0,442163406;0,365385054;0,41699448;0,152963558;0,221269145;0,183660728;0,238608731;0;2
0,607292597;0,422845607;0,334878263;1;0,145631249;0,173377584;0,181642817;0,078609177;0;2
0,486732899;0,439617414;0,374563813;0,407032133;0,243181402;0,212095905;0,269407852;0,492116472;0;2
0,499008435;0,430637695;0,333002847;0,411378588;0,21911406;0,224180314;0,168989311;0,322155777;0;3
0,50178479;0,431816703;0,333588973;0,42179006;0,241526926;0,313801943;0,178965839;0,648444651;0;3
0,498728808;0,431056076;0,333504828;0,435568341;0,23270705;0,232745783;0,307050885;0,280335661;0;3
0,497760033;0,431081906;0,333286901;0,419248419;0,245892784;0,265900484;0,190271855;0,353726382;0;2
0,499426174;0,427798698;0,331280445;0,405381261;0,254891114;0,214460508;0,20643963;0,271473339;0;2
0,499025668;0,430983572;0,333274427;0,410017156;0,192285847;0,228100843;0,147517747;0,305935996;0;3
0,498899842;0,429001924;0,332167581;0,393560841;0,212281265;0,209176017;0,157512186;0,258950915;0;2
0,498095728;0,43029305;0,332874225;0,422279368;0,192285847;0,242441963;0,179737769;0,328267092;0;3
0,49940971;0,432067018;0,333859656;0,471819492;0,235039767;0,364099268;0,181383934;0,613867256;0;3
0,500940418;0,428669591;0,331841679;0,402468657;0,205503045;0,224065407;0,156725658;0,30703224;0;3
0,483431147;0,427917831;0,331236159;0,394399547;0,192285847;0,207276827;0,155023563;0,243882662;0;3
0,504878158;0,429662403;0,332354223;0,452883605;0,281418861;0,252346715;0,182154849;0,375106802;0;3
0,500066227;0,428669298;0,331619496;0,405710629;0,361463869;0,25477095;0,136319684;0,44034313;0;3
0,521742341;0,430387449;0,332899864;0,417413527;0,280931016;0,252843303;0,174813535;0,425659136;0;3
0,504858169;0,428972691;0,33197577;0,405954982;0,236641237;0,24511847;0,15533243;0,327827323;0;3
0,538940298;0,428041175;0,331347925;0,422617326;0,226351792;0,266064451;0,157574621;0,366450934;0;3
0,56758162;0,429991206;0,332834463;0,439404932;0,212414311;0,258915618;0,148413797;0,39459826;0;3
0,518316964;0,429289797;0,332031087;0,431628789;0,236542789;0,290455965;0,194634212;0,460399222;0;3
0,525377176;0,429787651;0,332537683;0,407399477;0,22627527;0,310672622;0,189154301;0,467650772;0;3
0,519568944;0,429447612;0,332137007;0,477795151;0,233560312;0,272635641;0,149776853;0,507863406;0;3
0,501998424;0,429012205;0,331576096;0,52035727;0,244611262;0,578992581;0,191248294;0,518184013;0;3
0,503192563;0,427997146;0,331168644;0,543742104;0,192285847;0,268650154;0,355952553;0,288530474;0;3
0,500395671;0,428886221;0,332019541;0,478517365;0,192285847;0,276048214;0,291652877;0,358206896;0;3
0,499919222;0,427808437;0,331178766;0,423523538;0,278413848;0,25256849;0,234626452;0,346220709;0;3
0,52498442;0,429757781;0,332359314;0,404776873;0,266592815;0,28286014;0,153252324;0,460071099;0;3
0,499471339;0,431533544;0,333625152;0,415978727;0,221928784;0,231064249;0,281332552;0,35667202;0;3
0,497486058;0,430031369;0,332486623;0,416458426;0,236663388;0,268588429;0,221920283;0,408279889;0;2
0,501130028;0,429948009;0,332721139;0,414423797;0,264665485;0,267986486;0,176132452;0,407469474;1;3
0,499575062;0,429690247;0,332555323;0,404166413;0,264389648;0,255302719;0,14829386;0,36155872;0;3
0,499209386;0,429410733;0,332129555;0,426030684;0,208364445;0,2214194;0,171320495;0,30673308;0;3
0,499012287;0,429452427;0,33236437;0,411565566;0,208297052;0,222672038;0,180260129;0,298847833;0;3
0,499536587;0,432376664;0,333766624;0,402784499;0,192285847;0,267351974;0,162509097;0,411667874;0;3
0,499542049;0,431256433;0,33356778;0,419073742;0,219444658;0,254510031;0,161723818;0,383645099;0;3
0,507867704;0,430653871;0,33312967;0,446112638;0,208982175;0,333843409;0,167275328;0,557015308;0;3
0,52675879;0,429014933;0,332143182;0,529473785;0,233864394;0,32328348;0,234693635;0,499970175;0;3
0,50025543;0,430239236;0,33293335;0,436690496;0,23451989;0,276671357;0,16676877;0,457147596;0;3
0,503111816;0,429810339;0,332565125;0,420911688;0,280177799;0,237475759;0,200327224;0,315874244;0;3
0,499853201;0,430406089;0,33283989;0,408888229;0,192520221;0,245859689;0,323721055;0,312447185;1;2
0,500217925;0,428874327;0,33181283;0,397596598;0,21610419;0,231330961;0,28189097;0,284109129;1;2
0,500427766;0,430465428;0,332755404;0,458499403;0,242338242;0,318310951;0,164458074;0,49034349;0;3
0,500622715;0,428630403;0,331625303;0,444600192;0,214076105;0,218425255;0,202001133;0,275463212;0;3
0,499724684;0,429330615;0,332146612;0,412506705;0,240238887;0,214412987;0,176395733;0,298095946;0;3
0,527060883;0,428935197;0,332056708;0,421287528;0,261105708;0,241362594;0,142641802;0,30960521;0;3
0,500376632;0,433869198;0,335163852;0,411068469;0,316074862;0,270455058;0,149436871;0,449868243;0;3
0,501658696;0,427427602;0,330575476;0,427473372;0,204963567;0,211783576;0,180637944;0,264235851;0;3
0,500852813;0,429146517;0,331995021;0,407519538;0,192442096;0,223482621;0,179039076;0,314418048;0;3
0,498947237;0,429440293;0,332326522;0,414097662;0,336173067;0,221042085;0,178695831;0,292104218;0;3
0,499533734;0,428601787;0,331834156;0,409907317;0,192285847;0,217556671;0,142164411;0,288677249;0;3
0,498078577;0,430038377;0,332744915;0,511935974;0,239216497;0,219746118;0,189953086;0,310110494;0;2
0,498770779;0,427869704;0,330984345;0,620121329;0,239181232;0,206969489;0,12369452;0,249101938;0;2
0,498663885;0,429395022;0,332231693;0,4327269;0,249001084;0,219735542;0,234370526;0,27484569;0;2
0,498171787;0,429642916;0,332300923;0,441068304;0,282682463;0,212390476;0,144200678;0,267584201;0;2
0,499181087;0,426856468;0,33079343;0,410983747;0,242718331;0,224469568;0,137766526;0,277595227;0;2
0,497794996;0,429221556;0,33222845;0,497324849;0,257096196;0,260170142;0,187359654;0,320322967;0;2
0,499000918;0,428287823;0,331544284;0,401706819;0,248767255;0,230391071;0,202450702;0,309118512;0;2
0,499876712;0,428536946;0,331693799;0,398034637;0,22694923;0,207215843;0,155901285;0,243223677;0;2
0,499904593;0,427935982;0,331478721;0,400184461;0,234822217;0,207598542;0,167970545;0,257742628;0;2
0,498605899;0,429734253;0,332595131;0,433667382;0,244066969;0,216383509;0,24113446;0,286499403;0;3
0,505943603;0,429982842;0,332554388;0,435226119;0,390560517;0,22528986;0,256829344;0,289472872;1;3
0,525660009;0,429151098;0,3320762;0,462632344;0,220991752;0,281436432;0,152702396;0,406778412;0;3
0,500607627;0,428416748;0,331610928;0,440935418;0,238007558;0,257891525;0,182115846;0,363474905;1;3
0,500511384;0,430945835;0,333222817;0,736236553;0,192663066;0,245128337;0,486292126;0,362416451;1;3
0,497082359;0,42971359;0,332543561;0,428780465;0,201934909;0,246383764;0,186205672;0,373077482;0;3
0,499863121;0,42795806;0,331340929;0,409519004;0,244861073;0,250469536;0,16833183;0,340332401;0;2
0,499875283;0,437565393;0,337784754;0,435045602;0,192285847;0,234299206;0,161912584;0,298729594;1;3
0,499537548;0,426692519;0,330411134;0,416290392;0,226223933;0,204500228;0,239978048;0,228060893;0;3
0,49846801;0,430451777;0,332736547;0,413431934;0,310601269;0,228446341;0,186157943;0,312287873;0;3
0,499507202;0,431416788;0,333258835;0,433049062;0,192442096;0,280880881;0,145924585;0,56955916;0;2
0,49918006;0,429066782;0,332145913;0,433440837;0,235908793;0,452526855;0,144290206;1;0;2
0,500432545;0,429269714;0,332215267;0,428240286;0,278679763;0,251567302;0,229854371;0,356135292;0;3
0,498139063;0,429497336;0,332308672;0,421684983;0,217418413;0,22266556;0,218830899;0,254209384;0;3
0,483431147;1;1;0,376179867;0,192285847;0,201430436;0;0,221625534;0;3
0,498868968;0,429397056;0,332217692;0,415045045;0,213045505;0,218060211;0,183523133;0,265774356;0;3
0,499026717;0,428670024;0,331822467;0,444915253;0,246544561;0,218807885;0,199983502;0,273443646;0;3
0,510403158;0,428835808;0,33200494;0,412385122;0,219104277;0,219117322;0,15033606;0,301924208;0;3
0,533606783;0,428317907;0,331615102;0,44123201;0,198885194;0,215565932;0,14566854;0,266857284;0;3
0,499675098;0,428286361;0,33142895;0,4183015;0,197557912;0,217566163;0,306790231;0,262633781;0;3
0,500556427;0,427629267;0,331204433;0,40164074;0,238074565;0,211406284;0,19515316;0,250647135;0;2
0,503776794;0,42740656;0,33096113;0,462118482;0,247673398;0,240082426;0,193848184;0,301136643;1;3
0,50269023;0,42832022;0,331488084;0,421719267;0,228335397;0,260615113;0,182722909;0,339824663;0;3
0,509008327;0,427812828;0,331295682;0,445824724;0,236334708;0,245816007;0,179607403;0,325530098;0;3
0,503305144;0,427689372;0,331262442;0,444767443;0,214287923;0,22893825;0,156823864;0,286810509;0;3
0,722675199;0,430253513;0,332628863;0,397789638;0,222383867;0,234018715;0,153525613;0,337290445;0;3
0,502986159;0,43079685;0,333197748;0,434327537;0,224135803;0,250038222;0,203474309;0,504928983;0;3
0,498897272;0,430342027;0,33268703;0,399601988;0,243375041;0,219228033;0,194685105;0,323203336;0;3
0,500918761;0,428613377;0,331523004;0,411324152;0,192910844;0,237524051;0,170947372;0,306044597;1;2
0,499170477;0,429503917;0,331639464;0,433235496;0,237581921;0,236575215;0,151661632;0,310633816;1;2
0,499558173;0,430806099;0,332164364;0,410232362;0,203864429;0,25849294;0,188153481;0,354736613;1;2
0,49908834;0,428961162;0,332125666;0,423730672;0,212255312;0,232618041;0,13273662;0,36809884;1;2
0,500285299;0,428940303;0,332003363;0,399822583;0,245251753;0,2218834;0,207275358;0,28310119;0;2
0,507137545;0,430162291;0,332780432;0,429616444;0,278158772;0,232238523;0,163039754;0,322624245;0;2
0,501024937;0,429326187;0,332268072;0,401692686;0,221898124;0,239770806;0,146496539;0,349835395;0;3
0,500032113;0,42913897;0,332007061;0,397730555;0,233913111;0,21804297;0,139306061;0,29868566;0;3
0,521994736;0,428101237;0,331405534;0,419303804;0,227982206;0,226225359;0,239535596;0,295117653;0;2
0,493491505;0,43116176;0,333435972;0,486271188;0,192285847;0,355954405;0,257448389;0,51594833;0;2
0,616003253;0,429059451;0,330891884;0,528346946;0,20512009;0,218124718;0,289559611;0,269612652;1;2
0,50304812;0,429295684;0,331246137;0,444476969;0,260030736;0,254563726;0,237474594;0,338675947;1;2
0,501848117;0,429102584;0,331163496;0,406581249;0,226577476;0,243340347;0,157708752;0,364510791;1;2
0,50280605;0,427646883;0,330691278;0,399772054;0,237959587;0,229183932;0,149304224;0,320048953;1;2
0,504667445;0,427891627;0,330743582;0,403204231;0,240490089;0,270367219;0,16880504;0,372397752;1;2
0,500678325;0,429975675;0,332665352;0,395878845;0,207304228;0,21697673;0,143234944;0,315614296;1;3
0,500373048;0,383971413;0,305706957;0,426637152;0,50587193;0,158352464;0,221962903;0,204043478;0;1
0,500235946;0,373868404;0,308899282;0,428965568;0,574004493;0,366788918;0,188466507;0,349054174;0;1
0,500192796;0,400003779;0,298170745;0,427786262;0,257806993;0,098241675;0,199893281;0,111601613;0;1
0,500278771;0,353439569;0,304602184;0,432468348;0,775074243;0,10207295;0,246090834;0,084234387;0;1
0,500253276;0,377869839;0,280327763;0,431550817;0,341115031;0,089092285;0,174203453;0,105873877;0;1
0,50006249;0,398427529;0,300100814;0,429209335;0,457538441;0,071517221;0,242915761;0,070847153;0;1
0,788302974;0,333626808;0,240638408;0,438562078;0,252643097;0,06340185;0,169362224;0,080873744;0;1
0,626100947;0,342915533;0,249851818;0,439566518;0,236331253;0,099957264;0,180555528;0,142912009;0;1
1;0,324113027;0,225900267;0,434831085;0,257256559;0,11326601;0,17241251;0,127634918;0;1
0,72804692;0,328864066;0,224275892;0,434369889;0,269231844;0,022536481;0,184453788;0,041224659;0;1
0,523378685;0,425018656;0,355649942;0,430854469;0,200274088;0,509820682;0,199877737;0,510419894;0;1
0,500057789;0,381013254;0,282274896;0,425414473;0,329426346;0,317260514;0,157247238;0,40202241;1;1
0,592446439;0,334808195;0,242974334;0,430784062;0,302079355;0,146538551;0,15437133;0,209855721;1;1
0,541582604;0,347398238;0,257899009;0,440321433;0,294158856;0,083640352;0,180602223;0,115781294;1;1
0,500828077;0,397321588;0,344310158;0,4334776;0,383973217;0,119892223;0,176678862;0,145393165;1;1
0,50972621;0,422667859;0,344335384;0,43067444;0,320960597;0,239353614;0,15889675;0,342578603;1;1
0,561365117;0,349743828;0,270028392;0,437760296;0,391857285;0,137738567;0,161672216;0,214584228;0;1
0,503915861;0,351659246;0,249146369;0,439124616;0,277647542;0,121224984;0,193322519;0,148271164;0;1
0,529463378;0,348183189;0,243291637;0,436256757;0,262033029;0,07768478;0,158044913;0,176933568;0;1
0,539460544;0,337383459;0,250278107;0,434756882;0,343598102;0,052153288;0,153340746;0,113155744;0;1
0,502263552;0,467429724;0,40099468;0,425841137;0,255944349;0,129035357;0,179689112;0,299671988;0;1
0,499987906;0,329042185;0,249754431;0,425500334;0,78023764;0,554572018;0,344002786;0,137996826;0;1
0,500110782;0,422728101;0,313326447;0,431791949;0,212422413;0,358178885;0,154604193;0,422001397;0;1
0,500029845;0,426645859;0,346147367;0,423185904;0,197672889;0,340269891;0,173837726;0,343048046;0;1
0,499947552;0,367823403;0,265198639;0,425330611;0,197967984;0,164908516;0,203410643;0,15556226;0;1
0,50018628;0,36637899;0,253444218;0,420618684;0,246521259;0;0,157164189;0;0;1
0,500027455;0,539211941;0,480238806;0,42121509;0,196273904;0,235642349;0,185623881;0,410988127;0;1
0,498816811;0,584744232;0,597829943;0,419807829;0,196273904;0,250514573;0,156178408;0,290687568;0;1
0,499865609;0,404881154;0,276258365;0,446691173;0,198267629;0,405305956;0,16147219;0,38764453;0;1
0,492937717;0,321804103;0,304649526;0,417474415;0,627955441;0,230676418;0,194642465;0,320236252;0;2
0,492937717;0,33108762;0,307977374;0,424520863;0,25290367;0,301059393;0,201856307;0,550897612;0;2
0,492937717;0,323192345;0,307322606;0,427095805;0,409517916;0,296200863;0,280760744;0,532822254;1;2
0,498899016;0,423350586;0,321082489;0,426870695;0,350400968;0,244205644;0,197427393;0,377646918;1;2
0,505466859;0,321677241;0,284116243;0,421846124;0,348605969;0,227343097;0,191743366;0,251413342;0;2
0,50074818;0,328677562;0,295766457;0,494298136;0,47694446;0,244181426;0,217081667;0,269299281;0;2
0,499910581;0,456679628;0,319320902;0,441731539;0,77478112;0,283957686;0,179535692;0,672174908;0;2
0,500958115;0,460374013;0,305055075;0,433667495;1;0,283301534;0,184559699;0,615521428;0;2
0,499610977;0,444414241;0,314843099;0,419457829;0,306475197;0,255488883;0,185096422;0,370317125;0;2
0,499767602;0,473509578;0,308373765;0,43458393;0,417194692;0,233048577;0,197501229;0,197635353;0;2
0,499386555;0,445515989;0,346619021;0,43106844;0,766611878;0,265839363;0,183643224;0,40807527;0;2
0,500931164;0,445799744;0,352532135;0,419328436;0,214686119;0,218915336;0,193555539;0,234872536;0;2
0,524264531;0,440507429;0,351292452;0,419151227;0,224163546;0,216605942;0,188769866;0,233388254;0;2
0,757253677;0,428488532;0,336814274;0,417903677;0,216507797;0,216510584;0,204797895;0,215481551;0;2
0,634582029;0,438963513;0,339610178;0,419770351;0,351980345;0,224216019;0,193742633;0,319752472;0;2
0,583968124;0,444374531;0,353842506;0,418231343;0,398849703;0,227275853;0,181595019;0,305998486;0;2
0,656477788;0,450433544;0,35551187;0,418865427;0,240206123;0,222296332;0,174662882;0,304189245;0;2
0,576703602;0,456152922;0,358709463;0,418397981;0,358499966;0,22552773;0,170579654;0,303971476;1;2
0,526504501;0,44608526;0,353358246;0,419378074;0,222724086;0,226098969;0,189941575;0,258713394;1;2
0,529231149;0,439650432;0,342771455;0,418905905;0,218687076;0,221844379;0,178542949;0,288853094;1;2
0,533882259;0,429127083;0,335691356;0,419895855;0,226794508;0,21657781;0,189507547;0,240300964;1;2
0,499240148;0,422786501;0,328872439;0,421763982;0,21155758;0,220389979;0,187317167;0,25649095;1;2
0,499579042;0,420613595;0,318569968;0,423458589;0,409994672;0,270077776;0,172984893;0,324849716;1;2
0,499494484;0,419964149;0,322911664;0,419722233;0,21155758;0,298834886;0,171253425;0,452976135;1;2
0,499828408;0,444651359;0,33796852;0,426862029;0,486050055;0,234031479;0,185023304;0,517678829;1;2
0,50615164;0,462468506;0,36180508;0,427187206;0,517125571;0,282952725;0,177352527;0,50796552;0;2
0,492937717;0,44376268;0,341520506;0,420181179;0,21155758;0,282957077;0,191857289;0,441222218;0;2
0,499928334;0,409506253;0,314882329;0,435539691;0,464833708;0,271608107;0,222908831;0,464843975;0;2
0,492937717;0,370796906;0,280411603;0,411527269;0,264083919;1;0,6742;0,368976424;0;2
0,492937717;0,436368935;0,337458813;0,420514485;0,213895905;0,21599872;0,170607122;0,190751024;0;2
0,499212826;0,445876546;0,342885054;0,42402728;0,448364203;0,241914856;0,178519968;0,379132724;0;2
0,498967352;0,47639394;0,377524771;0,420917799;0,609226202;0,280793803;0,180638407;0,582391286;0;2
0,492937717;0,48637667;0,386625312;0,41957582;0,595856958;0,232296793;0,16952123;0,385463978;0;2
0,551074623;0,431288612;0,336747827;0,417645715;0,281986275;0,223985256;0,176313672;0,297625719;0;2
0,499306664;0,419503016;0,329137097;0,427205011;0,21155758;0,247841368;0,189826953;0,380377168;0;2
0,522406918;0,464573281;0,360431738;0,417615496;0,215517214;0,224507462;0,177039201;0,316083292;0;2
0,52915808;0,441533834;0,340670063;0,418209837;0,22587685;0,224479825;0,177081441;0,28547847;0;2
0,52880198;0,424057372;0,331045539;0,424638606;0,21436357;0,220937678;0,184009065;0,251345822;0;2
0,514037375;0,424582806;0,331997471;0,422245855;0,221122437;0,218708082;0,194710984;0,2331232;0;2
0,569535495;0,442726211;0,350412874;0,418282505;0,216406479;0,217192131;0,170773702;0,2364269;0;2
0,529962633;0,41170071;0,315640252;0,418623444;0,21155758;0,212047077;0,192541206;0,180064674;0;2
0,679058564;0,415251604;0,328621016;0,423463716;0,223402691;0,213926818;0,203629921;0,200589775;0;2
0,524756986;0,446309895;0,34359101;0,419026152;0,419792222;0,218440369;0,186728717;0,226662348;0;2
0,510714263;0,438116488;0,34224464;0,419080702;0,282317856;0,225214426;0,177337544;0,29700535;0;2
0,492937717;0,330717343;0,270668613;0,416312329;0,220576833;0,211161019;0,162922705;0,167520552;0;2
0,499647898;0,446621185;0,364580525;0,424996486;0,320956549;0,219749315;0,165206719;0,351712072;0;2
0,492937717;0,57180494;0,468217573;0,411527269;0,21155758;0,214988259;0,16031245;0,327834418;0;2
0,521769405;0,468658133;0,378173617;0,435084008;0,237588914;0,253561923;0,16879764;0,552426995;0;2
0,567091062;0,361916677;0,292037337;0,433917899;0,843390754;0,237940954;0,172276773;0,480654281;0;2
0,546489259;0,593912506;0,47003655;0,503327191;0,21155758;0,262981118;0,173525919;0,867461386;0;2
0,502441327;0,421046448;0,329551887;0,432301695;0,21155758;0,272531384;0,190696339;0,366013872;0;2
0,499824579;0,441083126;0,339946008;0,421233422;0,362937665;0,277402943;0,183937143;0,512903364;1;2
0,49950524;0,440854311;0,348718455;0,423973309;0,407030044;0,233418044;0,191650162;0,293607397;1;2
0,499636076;0,469496143;0,36702624;0,424496614;0,419784287;0,27020008;0,182528418;0,338258355;1;2
0,502246496;0,471220208;0,36507511;0,4564744;0,311253132;0,300113902;0,200373347;0,469156412;1;2
0,501097698;0,444035085;0,341606827;0,429980065;0,452391376;0,246973143;0,194676272;0,37017411;1;2
0,500147829;0,449801201;0,353974679;0,428062676;0,50507055;0,238932299;0,184711997;0,280315621;1;2
0,499872728;0,477935804;0,382557872;0,432228352;0,438699305;0,325949085;0,182750846;0,7382033;1;2
0,499318739;0,450694203;0,354634237;0,441822317;0,217651874;0,263850062;0,245474383;0,467193143;1;2
0,50017235;0,400565263;0,315528854;0,458402552;0,855542567;0,218204837;0,192351961;0,198506125;1;2
0,499690354;0,432536034;0,338839887;0,425466906;0,806577168;0,235599587;0,185329846;0,297015208;1;2
0,50073572;0,448673921;0,350149549;0,419216982;0,400140776;0,238629018;0,176291487;0,351105024;1;2
0,501192817;0,447845631;0,351457521;0,436491433;0,219608706;0,24904973;0,194105507;0,475946115;1;2
1;0,464077226;0,37198863;0,420675835;0,288358658;0,261739885;0,199323185;0,554908473;0;2
0,613971567;0,443833092;0,350476636;0,42449106;0,271889021;0,274092891;0,194138474;0,480454953;0;2
0,6363621;0,457023304;0,364987713;0,419157691;0,356112443;0,24345144;0,176299039;0,362189722;0;2
0,499308841;0,445602176;0,3503114;0,429686605;0,21155758;0,3192792;0,181217428;0,524186798;0;2
0,500923605;0,423159047;0,330037924;0,431980646;0,668696108;0,247983841;0,189266356;0,426192512;0;2
0,58065073;0,440452498;0,352744786;0,42060809;0,326430822;0,224184477;0,201964607;0,298788499;0;2
0,632014647;0,403001086;0,323826882;0,417166804;0,581522226;0,218059694;0,198222134;0,235367021;0;2
0,571760279;0,429552474;0,336113133;0,419999912;0,31782972;0,234603904;0,184785575;0,365286605;0;2
0,523468449;0,419760307;0,329373947;0,429589137;0,219115485;0,221028991;0,194278216;0,283584113;0;2
0,542300745;0,437305919;0,34924558;0,4228003;0,214729966;0,235173239;0,18076367;0,314437798;0;2
0,538042461;0,423177642;0,334196015;0,422332961;0,218158761;0,21810446;0,191621855;0,215304385;0;2
0,571907262;0,428910238;0,334531026;0,421627218;0,240714371;0,213850108;0,192487771;0,207654736;0;2
0,677194619;0,399927695;0,314329233;0,417499221;0,215730528;0,214187681;0,167767478;0,201430954;0;2
0,604583861;0,413663329;0,327407782;0,418439165;0,233418023;0,217440137;0,170502211;0,227559828;0;2
0,505074643;0,428470869;0,334684126;0,420211649;0,214566796;0,215382538;0,192278735;0,208264695;0;2
0,692381789;0,440953137;0,348399115;0,419536376;0,308582596;0,231575179;0,175221698;0,368441479;0;2
0,525392053;0,433182983;0,337046769;0,420184773;0,217841756;0,213522161;0,190933127;0,206903859;0;2
0,56250578;0,421848384;0,328552955;0,417898753;0,214263776;0,215056924;0,172776349;0,210986167;0;2
0,626225273;0,420502001;0,328675521;0,420449203;0,216989513;0,216887951;0,180587219;0,237502305;0;2
0,556588327;0,445347788;0,351826933;0,4187911;0,217565161;0,239131734;0,180491717;0,395395765;1;2
0,626972986;0,407693443;0,32311354;0,417994664;0,215950991;0,212283915;0,176372035;0,18497631;1;2
0,521113724;0,423359145;0,333059266;0,418431386;0,220781069;0,212737265;0,18330574;0,187226159;1;2
0,570125451;0,450713305;0,354187118;0,418970333;0,26453942;0,216781474;0,193036008;0,213225985;1;2
0,53305696;0,43107169;0,338306925;0,420343316;0,40776745;0,240888049;0,178621433;0,370035064;1;2
0,499742128;0,462006355;0,36296352;0,418380159;0,21155758;0,239261352;0,174687947;0,390968914;1;2
0,492937717;0,465548742;0,332634914;0,418688524;0,22408432;0,25492199;0,17544494;0,467999478;1;2
0,506234091;0,416792111;0,312388519;0,513921156;0,21155758;0,261788425;0,186323249;0,381840993;1;2
0,502886225;0,401788189;0,29227435;0,437533693;0,212559719;0,383431274;0,226824503;0,497063263;1;2
0,492937717;0,370995224;0,288074167;0,416461862;0,56958123;0,220601801;0,404995886;0,235419914;1;2
0,492937717;0,45497237;0,340784617;0,42644854;0,212559719;0,241105913;0,188994825;0,338166562;1;2
0,492937717;0,332125141;0,301361495;0,421194284;0,805888789;0,313559725;0,18428134;0,651265731;1;2
0,500605698;0,437016641;0,327788896;0,419079852;0,24922579;0,250552547;0,181059044;0,482426963;1;2
0,492937717;0,454941306;0,352173438;0,423651701;0,213060789;0,26419547;0,185237082;0,493682806;1;2
0,499600783;0,467771486;0,370803046;0,425572443;0,264605901;0,253284951;0,188653404;0,656944851;0;2
0,499216099;0,402348652;0,310519118;0,445732564;0,337473128;0,21572617;0,210875133;0,202087299;0;2
0,500131358;0,411093737;0,326561665;1;0,364120316;0,21378521;0,543829851;0,194650677;0;2
0,499861264;0,401691376;0,320820256;0,495678825;0,241167085;0,215364308;0,183280774;0,223998427;0;2
0,500082673;0,42849352;0,337626979;0,556487902;0,234563797;0,21492092;0,23339782;0,199495642;0;2
0,498904445;0,413321905;0,334133399;0,426481651;0,277455769;0,224857985;0,198459305;0,249398085;0;2
0,5577198;0,418278603;0,328468053;0,422002493;0,213060789;0,252035869;0,172349099;0,4430291;0;2
0,499453382;0,382479502;0,309944093;0,49940671;0,381528842;0,218662405;0,245118397;0,205638761;0;2
0,499245724;0,418305797;0,329019413;0,443238483;0,338367792;0,237269917;0,172292563;0,258503586;0;2
0,492937717;0,391984397;0,307959656;0,439485694;0,21155758;0,215900896;0,182729288;0,198391623;0;2
0,499082517;0,484639306;0,38590975;0,435087817;0,214062928;0,327936979;0,177184358;0,672772792;0;2
0,492937717;0,437118807;0,349509006;0,437886175;0,21155758;0,261046557;0,168997856;0,464920526;0;2
0,498809125;0,411987852;0,32619879;0,426755393;0,212559719;0,264169078;0,17610797;0,387642368;0;2
0,492937717;0,43185418;0,335678944;0,429058606;0,21155758;0,522774014;0,198582183;1;0;2
0,492937717;0,41345334;0,321639099;0,511588202;0,217570415;0,240671268;0,257772791;0,249469706;0;2
0,492937717;0,39865973;0,291557159;0,59069727;0,212559719;0,433404377;0,187107045;0,597097233;0;2
0,50010913;0,422321552;0,329521407;0,502218926;0,373856154;0,310622467;0,255268375;0,485105532;0;2
0,502561098;0,408926356;0,324610965;0,508797219;0,25167238;0,387056686;0,276505954;0,496174576;0;2
0,499578561;0,388242435;0,312854939;0,451608987;0,292863797;0,215495925;0,166508567;0,1967731;0;2
0,499891652;0,419657832;0,329252242;0,505352195;0,244850271;0,226589674;0,202397547;0,249536623;0;2
0,499559547;0,393469839;0,311710608;0,447458374;0,305583851;0,21268947;0,182800967;0,184705021;0;2
0,499554003;0,41921144;0,335753757;0,459103885;0,306922584;0,228801058;0,187788271;0,237585022;0;2
0,499834732;0,411058627;0,322545111;0,450895468;0,241681057;0,237710293;0,254735926;0,25698715;0;2
0,499091843;0,37767766;0,305563962;0,464601281;0,250094817;0,229383665;0,193458582;0,208222979;0;2
0,499292162;0,417504946;0,328739455;0,448135887;0,23752723;0,219464865;0,214996994;0,230813402;0;2
0,499598243;0,390430458;0,311828708;0,443234188;0,287179918;0,216202706;0,185329623;0,212576145;0;2
0,535638867;0,482521622;0,361973543;0,495187858;0,368371032;0,414490721;0,642780921;0,985126311;0;2
0,528556725;0,431707762;0,331263873;0,421039898;0,311558872;0,222601888;0,176041236;0,27339488;0;2
0,500258052;0,433241017;0,338188878;0,424737065;0,364870624;0,270911997;0,175227137;0,56089656;0;2
0,501239083;0,461832098;0,361817835;0,41951621;0,452505863;0,243557126;0,174218638;0,391526261;0;2
0,500171682;0,450237615;0,357817573;0,420973825;0,355019567;0,233121068;0,17741712;0,330174806;0;2
0,518009649;0,43533247;0,348632125;0,421010861;0,457240221;0,234273591;0,173707551;0,330320446;0;2
0,500002207;0,463878579;0,364077123;0,423157543;0,319605647;0,277345229;0,168324101;0,539293685;0;2
0,500305518;0,425662509;0,331494793;0,421810592;0,330599885;0,247495773;0,169510954;0,373166126;0;2
0,500131723;0,457655085;0,355157645;0,431942388;0,215566137;0,222771787;0,179598106;0,279528265;0;2
0,499702514;0,4444469;0,351992353;0,421657888;0,326731234;0,230851197;0,167345279;0,323826621;0;2
0,50003012;0,416549105;0,329026073;0,422588302;0,374779018;0,219804878;0,167455579;0,225626344;0;2
0,500056617;0,465983507;0,372519736;0,420617919;0,225780842;0,250460311;0,171143453;0,426263947;0;2
0,500215686;0,431972904;0,34600972;0,420162441;0,394868999;0,236316885;0,16980482;0,338209483;0;2
0,499948524;0,422352035;0,328165085;0,427860172;0,398768024;0,233067163;0,175323465;0,332342279;0;2
0,499766429;0,450361001;0,351477309;0,419117668;0,383398566;0,216651183;0,168868681;0,215784903;0;2
0,505575327;0,412084893;0,327637388;0,420238951;0,380906022;0,219049744;0,168312806;0,244605638;0;2
0,511536562;0,391140518;0,312743742;0,420261746;0,419257166;0,216613424;0,173278494;0,210020785;0;2
0,518186446;0,386765325;0,312716343;0,418570878;0,403587347;0,213903796;0,167308165;0,198279739;0;2
0,524595586;0,40860572;0,323801079;0,42081096;0,277125918;0,219366432;0,177071102;0,271358277;0;2
0,499611074;0,418436293;0,326898907;0,425373819;0,340791195;0,230848574;0,182739481;0,264397005;0;2
0,500361917;0,395906941;0,313331265;0,420393562;0,307944008;0,220090022;0,182848354;0,236616555;0;2
0,500066079;0,418805473;0,331044459;0,457471256;0,279196738;0,385833669;0,168061826;0,618540248;0;2
0,529636089;0,418341527;0,326126478;0,420399718;0,462967621;0,251545728;0,180871779;0,447430069;0;2
0,569544896;0,422408097;0,332135565;0,428372468;0,637706487;0,266873156;0,185522249;0,480236796;0;2
0,536552175;0,395086323;0,309498636;0,417911544;0,347182972;0,213942313;0,178181962;0,188282368;0;2
0,503456781;0,453567994;0,348926087;0,421043009;0,386687936;0,231839543;0,184810145;0,306920474;0;2
0,492937717;0,354685106;0,320701204;0,42130755;0,423338126;0,278263817;0,177272153;0,523010711;0;2
0,499626837;0,463278351;0,350658526;0,421102262;0,333411556;0,252586146;0,185008735;0,402811778;0;2
0,498904566;0,479659205;0,364613299;0,422367069;0,340199484;0,278173825;0,176534448;0,571079676;1;2
0,492937717;0,318709557;0,270351202;0,411527269;0,21155758;0,211160157;0,130054103;0,16743483;1;2
0,500086413;0,348294954;0,303095007;0,429948684;0,295546086;0,218357954;0,188734098;0,287925667;1;2
0,499863252;0,386494198;0,313841936;0,419154527;0,291145452;0,236564973;0,182020844;0,267182873;0;2
0,500660932;0,338772925;0,309310163;0,419326153;0,374489644;0,26893826;0,175196755;0,527783434;0;2
0,500189931;0,323742067;0,300227018;0,42677065;0,343422855;0,250803376;0,180628984;0,402225086;0;2
0,500002104;0,330033755;0,301920635;0,450722042;0,214563998;0,211822064;0,252482419;0,173947225;0;2
0,500180249;0,322491662;0,315551278;0,431400757;0,212559719;0,261606445;0,169157234;0,471170191;0;2
0,5;0,331336167;0,278840956;0,434603437;0,383971533;0,211404522;0,184480734;0,170944223;0;2
0,500024158;0,322096687;0,30375226;0,418590217;0,748321547;0,237865313;0,174330456;0,353249546;0;2
0,500121688;0,350257294;0,294164596;0,433112225;0,216372596;0,242270968;0,176722839;0,331543429;0;2
0,500403566;0,322467389;0,276545025;0,415359589;0,985814511;0,224153622;0,16562992;0,287434774;0;2
0,499999029;0,371413686;0,292900429;0,501570787;0,501037662;0,219216177;0,172156662;0,203346682;0;2
0,500067988;0,407044212;0,312750137;0,424566007;0,225005126;0,249440852;0,170732105;0,418848739;0;2
0,499781674;0,401009202;0,308933307;0,417682541;0,272274476;0,227614172;0,174728004;0,272673718;0;2
0,520707667;0,359128224;0,294161975;0,427965829;0,334707717;0,232369262;0,170595094;0,286137851;0;2
0,503246589;0,40265518;0,305993927;0,425920064;0,347344086;0,280992243;0,184208575;0,491134399;0;2
0,515645084;0,414863933;0,307778911;0,420459351;0,429998918;0,253286128;0,181902495;0,416756527;0;2
0,60631598;0,371217496;0,29287885;0,417451797;0,237071372;0,213662513;0,176579888;0,188367804;0;2
0,517141979;0,41559942;0,308023546;0,430145699;0,21155758;0,25561461;0,202587451;0,444538821;0;2
0,538400971;0,392391885;0,29608095;0,442107731;0,259384785;0,235660514;0,231717816;0,224131855;0;2
0,514221771;0,423088702;0,319039096;0,418936551;0,221948278;0,228129633;0,192768981;0,255147799;0;2
0,515391432;0,409661172;0,309234585;0,422713277;0,390803312;0,220106815;0,201622296;0,223637274;0;2
0,492937717;0,441081487;0,326052613;0,42053664;0,450653242;0,222143295;0,287947031;0,210236739;0;2
0,492937717;0,30765492;0,346846548;0,411527269;0,21155758;0,211160157;0,130054103;0,16743483;0;2
0,492937717;0,307643553;0,344008895;0,411527269;0,21155758;0,211160157;0,130054103;0,16743483;0;2
0,499518951;0,371477337;0,291129834;0,418830974;0,413637034;0,242828736;0,172759605;0,364796675;0;2
0,499675767;0,344465413;0,289616568;0,424731579;0,356122129;0,228228029;0,166934345;0,346004337;0;2
0,492937717;0,358850856;0,298621214;0,421952221;0,583816845;0,24100242;0,183180063;0,3591607;0;2
0,499438938;0,323129223;0,302337672;0,420405265;0,216568276;0,214628893;0,179505785;0,197782046;0;2
0,499714763;0,319835798;0,319698589;0,417000182;0,213976958;0,227635293;0,177068196;0,312990531;0;2
0,492937717;0,551280398;0,346740686;0,444318722;0,217314317;0,321218156;0,187521726;0,77383446;0;2
0,492937717;0,32548597;0,311191483;0,418911642;0,599019546;0,30685721;0,163969377;0,842560398;0;2
0,499669577;0,326551429;0,295841795;0,423169492;0,213916168;0,21266303;0,192161222;0,188256975;0;2
0,497832727;0,324866583;0,293225542;0,414466663;0,21155758;0,226022618;0,180204667;0,347606471;0;2
0,499835595;0,349291639;0,327427089;0,421165748;0,443088854;0,245662279;0,170166235;0,433985335;0;2
0,499453847;0,328729126;0,312056808;0,424114297;0,244779528;0,248079822;0,176425234;0,406809006;0;2
0,499580182;0,31937112;0,290500483;0,621236821;0,21155758;0,213997407;0,194181282;0,19191234;0;2
0,499659228;0,307642482;0,255611861;0,411527269;0,21155758;0,211160157;0,130054103;0,16743483;0;2
0,499629936;0,318354106;0,290953788;0,524927508;0,21155758;0,212143665;0,246945785;0,177534694;0;2
0,499429197;0,319557129;0,27901229;0,557056128;0,21155758;0,211550711;0,1645843;0,169142544;0;2
0,499551478;0,336333085;0,310250199;0,417423147;0,212559719;0,226861549;0,179511256;0,277973809;0;2
0,499683392;0,459278692;0,332011473;0,417899905;0,214045734;0,265110171;0,169301614;0,585885872;0;2
0,499713144;0,43772905;0,328961333;0,428308148;0,213415098;0,25804563;0,179864814;0,477532839;0;2
0,492937717;0,453629576;0,329726404;0,411527269;0,21155758;0,211160157;0,130054103;0,16743483;0;2
0,499340122;0,455365268;0,349979146;0,417579089;0,218152797;0,248600713;0,217319722;0,43197145;0;2
0,499821948;0,37502727;0,311489082;0,435017857;0,212559719;0,333715683;0,173117902;0,693419618;0;2
0,499714403;0,336923184;0,309410103;0,411527269;0,21155758;0,21329162;0,160898797;0,198955819;0;2
0,499419563;0,324326723;0,287208326;0,413494698;0,21155758;0,211295879;0,163763405;0,171151311;0;2
0,49945404;0,324326723;0,28713457;0,413494698;0,21155758;0,211295879;0,163763405;0,171151311;0;2
0,499939424;0,311733318;0,280434734;0,411527269;0,21155758;0,211160157;0,130054103;0,16743483;0;2
0,499702082;0,316439202;0,281256436;0,411527269;0,21155758;0,211160157;0,130054103;0,16743483;0;2
0,499451092;0,307642482;0,255611861;0,411527269;0,21155758;0,211160157;0,130054103;0,16743483;0;2
0,499617031;0,307642482;0,255611861;0,411527269;0,21155758;0,211160157;0,130054103;0,16743483;0;2
0,49970364;0,307642482;0,255611861;0,411527269;0,21155758;0,211160157;0,130054103;0,16743483;0;2
0,499579647;0,307642482;0,255611861;0,411527269;0,21155758;0,211160157;0,130054103;0,16743483;0;2
0,499499857;0,327018549;0,321044092;0,43045731;0,21155758;0,288777739;0,199390636;0,573128612;0;2
0,499648002;0,321006423;0,27596009;0,428261095;0,980237855;0,292445942;0,20887744;0,682233477;0;2
0,492937717;0,320803652;0,275906333;0,422653959;0,47100798;0,221788867;0,208725828;0,295040824;0;2
0,492937717;0,337657206;0,305574445;0,415714197;0,216393043;0,220461638;0,197977048;0,245738658;0;2
0,499951748;0,307642482;0,284268706;0,411527269;0,21155758;0,211160157;0,130054103;0,16743483;0;2
0,499891417;0,329567759;0,315299175;0,424391391;0,213895905;0,253379878;0,165841414;0,471479186;0;2
0,499485148;0,332092956;0,316668048;0,424466927;0,21155758;0,232449394;0,16931413;0,42139376;0;2
0,499580887;0,337190537;0,312890607;0,423258458;0,214783417;0,223782741;0,174644645;0,275476132;0;2
0,499619009;0,31951704;0,313893902;0,41775924;0,217226535;0,239408368;0,167166214;0,409306313;0;2
0,499652712;0,307642482;0,255611861;0,411527269;0,21155758;0,211160157;0,130054103;0,16743483;0;2
0,499600263;0,307642482;0,255611861;0,411527269;0,21155758;0,211160157;0,130054103;0,16743483;0;2
0,499576562;0,307642482;0,255611861;0,411527269;0,21155758;0,211160157;0,130054103;0,16743483;0;2
0,499505387;0,307642482;0,255611861;0,411527269;0,21155758;0,211160157;0,130054103;0,16743483;0;2
0,499509409;0,307642482;0,255611861;0,411527269;0,21155758;0,211160157;0,130054103;0,16743483;0;2
0,499790168;0,307642482;0,255611861;0,411527269;0,21155758;0,211160157;0,130054103;0,16743483;0;2
0,499936149;0,329317824;0,30832721;0,420817244;0,213561858;0,241220859;0,1657819;0,426467335;0;2
0,500009493;0,447399471;0,337705403;0,421274456;0,213561858;0,272697245;0,168675703;0,590088185;0;2
0,499837598;0,467841381;0,339476718;0,426860322;0,21452961;0,365009979;0,176679266;0,82047208;0;2
0,499496671;0,431428568;0,319292595;0,564592598;0,219973891;0,220275999;0,179794275;0,255915716;0;2
0,499178357;0,411408555;0,306581986;0,417959567;0,217268945;0,219430567;0,177817574;0,298209497;0;2
0,49921844;0,411307685;0,30439393;0,417301079;0,214563998;0,218965998;0,177474279;0,256671696;0;2
0,499375126;0,442838096;0,289584012;0,420019327;0,720995742;0,214540273;0,190752883;0,203488712;0;2
0,499454478;0,459373015;0,296745245;0,419740911;0,720995742;0,214458128;0,161967789;0,205758286;0;2
0,499232931;0,416149231;0,328187221;0,418905661;0,21155758;0,211324922;0,159724989;0,174339081;0;2
0,499103137;0,307642482;0,255611861;0,411527269;0,21155758;0,211160157;0,130054103;0,16743483;0;2
0,50031337;0,459519996;0,344694478;0,447839714;0,361160776;0,266220515;0,395728674;0,42814603;0;2
0,499923314;0,54697461;0,375338398;0,433715851;0,21155758;0,336501227;0,19622076;0,747719835;0;2
0;0,155390004;0,074390997;0,441983759;0,647054217;0,072058728;0,170521668;0,265544604;0;3
0,530615441;0,920987275;0,885028653;0;0,387851464;0,963343093;0,15640853;0,825058477;0;3
0,442126911;0,48622785;0,453141895;0,560180164;0;0,666518927;1;0,94840756;0;3
0,631757333;0,662148617;0,473967483;0,688382166;0,258321961;0,620810522;0,176055599;0,424475501;0;3